, 9936,0
, 936,0
, 936,0
, 936,0
, 936,0
, 935,0
, 936,0
, 936,0
, 936,0
, 936,0
, 936,0
, 936,0
, 936,0
, 936,0
, 936,0
, 936,0
, 935,0
, 936,0
, 936,0
, 936,0
, 936,0
, 935,0
, 936,0
, 936,0
, 936,0
, 936,0
, 936,0
, 936,0
, 935,0
, 936,0
, 936,0
, 935,0
, 936,0
, 936,0
, 936,0
, 936,0
, 937,0
, 936,0
, 936,0
, 936,0
, 936,0
, 936,0
, 936,0
, 935,0
, 936,0
, 936,0
, 936,0
, 936,0
, 936,0
, 935,0
, 936,0
, 936,0
, 936,0
, 936,0
, 936,0
, 936,0
, 936,0
, 936,0
, 936,0
, 936,0
, 936,0
, 936,0
, 936,0
, 935,0
, 936,0
, 936,0
, 935,0
, 936,0
, 936,0
, 936,0
, 936,0
, 936,0
, 936,0
, 936,0
, 936,0
, 936,0
, 936,0
, 936,0
, 936,0
, 935,0
, 936,0
, 936,0
, 935,0
, 936,0
, 936,0
, 936,0
, 934,0
, 936,0
, 936,0
, 936,0
, 936,0
, 936,0
, 936,0
, 936,0
, 936,0
, 936,0
, 936,0
, 936,0
, 936,0
, 936,0
, 936,0
, 936,0
, 936,0
, 935,0
, 936,0
, 936,0
, 936,0
, 936,0
, 936,0
, 936,0
, 936,0
, 936,0
, 936,0
, 936,0
, 935,0
, 936,0
, 936,0
, 936,0
, 936,0
, 936,0
, 936,0
, 936,0
, 936,0
, 936,0
, 936,0
, 936,0
, 936,0
, 936,0
, 936,0
, 936,0
, 936,0
, 936,0
, 936,0
, 936,0
, 936,0
, 936,0
, 934,0
, 936,0
, 936,0
, 936,0
, 936,0
, 936,0
, 935,0
, 936,0
, 936,0
, 936,0
, 936,0
, 936,0
, 936,0
, 936,0
, 936,0
, 936,0
, 936,0
, 936,0
, 936,0
, 936,0
, 936,0
, 935,0
, 936,0
, 936,0
, 936,0
, 936,0
, 936,0
, 936,0
, 936,0
, 935,0
, 936,0
, 936,0
, 936,0
, 935,0
, 936,0
, 936,0
, 936,0
, 935,0
, 936,0
, 936,0
, 936,0
, 937,0
, 936,0
, 936,0
, 936,0
, 936,0
, 936,0
, 936,0
, 936,0
, 936,0
, 937,0
, 936,0
, 936,0
, 936,0
, 935,0
, 936,0
, 936,0
, 936,0
, 936,0
, 936,0
, 936,0
, 936,0
, 936,0
, 936,0
, 936,0
, 936,0
, 936,0
, 936,0
, 936,0
, 936,0
, 936,0
, 936,0
, 936,0
, 936,0
, 936,0
, 936,0
, 936,0
, 936,0
, 936,0
, 936,0
, 936,0
, 936,0
, 936,0
, 936,0
, 936,0
, 936,0
, 935,0
, 935,0
, 936,0
, 936,0
, 936,0
, 935,0
, 936,0
, 936,0
, 936,0
, 936,0
, 936,0
, 935,0
, 936,0
, 936,0
, 936,0
, 936,0
, 936,0
, 936,0
, 936,0
, 936,0
, 936,0
, 936,0
, 935,0
, 936,0
, 936,0
, 936,0
, 936,0
, 936,0
, 936,0
, 936,0
, 936,0
, 936,0
, 935,0
, 936,0
, 936,0
, 936,0
, 936,0
, 936,0
, 936,0
, 936,0
, 936,0
, 936,0
, 936,0
, 935,0
, 936,0
, 936,0
, 937,0
, 936,0
, 936,0
, 936,0
, 936,0
, 936,0
, 936,0
, 936,0
, 936,0
, 936,0
, 936,0
, 936,0
, 936,0
, 935,0
, 936,0
, 935,0
, 936,0
, 936,0
, 936,0
, 936,0
, 936,0
, 936,0
, 935,0
, 936,0
, 936,0
, 936,0
, 936,0
, 936,0
, 936,0
, 936,0
, 935,0
, 936,0
, 936,0
, 936,0
, 936,0
, 936,0
, 936,0
, 936,0
, 936,0
, 936,0
, 936,0
, 936,0
, 936,0
, 935,0
, 936,0
, 936,0
, 936,0
, 936,0
, 936,0
, 936,0
, 936,0
, 936,0
, 936,0
, 936,0
, 936,0
, 936,0
, 936,0
, 936,0
, 936,0
, 936,0
, 936,0
, 936,0
, 936,0
, 935,0
, 936,0
, 936,0
, 936,0
, 936,0
, 936,0
, 936,0
, 936,0
, 936,0
, 936,0
, 936,0
, 936,0
, 936,0
, 936,0
, 936,0
, 936,0
, 936,0
, 936,0
, 936,0
, 936,0
, 936,0
, 936,0
, 936,0
, 936,0
, 936,0
, 936,0
, 936,0
, 936,0
, 936,0
, 936,0
, 936,0
, 936,0
, 935,0
, 936,0
, 936,0
, 936,0
, 936,0
, 935,0
, 936,0
, 936,0
, 936,0
, 936,0
, 936,0
, 936,0
, 936,0
, 936,0
, 936,0
, 936,0
, 936,0
, 936,0
, 936,0
, 936,0
, 935,0
, 936,0
, 936,0
, 936,0
, 936,0
, 936,0
, 936,0
, 936,0
, 936,0
, 936,0
, 936,0
, 936,0
, 936,0
, 936,0
, 935,0
, 936,0
, 936,0
, 936,0
, 936,0
, 936,0
, 936,0
, 936,0
, 936,0
, 936,0
, 936,0
, 936,0
, 937,0
, 936,0
, 936,0
, 936,0
, 936,0
, 936,0
, 936,0
, 936,0
, 936,0
, 935,0
, 936,0
, 936,0
, 936,0
, 936,0
, 936,0
, 936,0
, 936,0
, 936,0
, 936,0
, 936,0
, 936,0
, 936,0
, 936,0
, 936,0
, 936,0
, 936,0
, 936,0
, 936,0
, 936,0
, 936,0
, 936,0
, 936,0
, 936,0
, 936,0
, 936,0
, 935,0
, 936,0
, 936,0
, 936,0
, 936,0
, 936,0
, 936,0
, 936,0
, 936,0
, 936,0
, 935,0
, 936,0
, 936,0
, 936,0
, 936,0
, 936,0
, 936,0
, 935,0
, 936,0
, 936,0
, 936,0
, 936,0
, 936,0
, 936,0
, 937,0
, 936,0
, 936,0
, 936,0
, 936,0
, 936,0
, 936,0
, 936,0
, 936,0
, 936,0
, 936,0
, 936,0
, 936,0
, 936,0
, 936,0
, 936,0
, 936,0
, 936,0
, 936,0
, 936,0
, 936,0
, 936,0
, 936,0
, 936,0
, 936,0
, 936,0
, 936,0
, 936,0
, 936,0
, 936,0
, 936,0
, 936,0
, 936,0
, 936,0
, 936,0
, 936,0
, 936,0
, 936,0
, 936,0
, 936,0
, 936,0
, 935,0
, 936,0
, 936,0
, 936,0
, 936,0
, 936,0
, 935,0
, 936,0
, 936,0
, 936,0
, 936,0
, 936,0
, 936,0
, 936,0
, 936,0
, 935,0
, 936,0
, 936,0
, 936,0
, 936,0
, 936,0
, 936,0
, 936,0
, 936,0
, 936,0
, 936,0
, 936,0
, 936,0
, 936,0
, 936,0
, 936,0
, 936,0
, 936,0
, 936,0
, 936,0
, 936,0
, 936,0
, 935,0
, 936,0
, 936,0
, 936,0
, 937,0
, 936,0
, 936,0
, 936,0
, 936,0
, 936,0
, 936,0
, 936,0
, 936,0
, 935,0
, 936,0
, 936,0
, 936,0
, 936,0
, 936,0
, 936,0
, 936,0
, 936,0
, 936,0
, 936,0
, 936,0
, 936,0
, 936,0
, 936,0
, 936,0
, 936,0
, 936,0
, 935,0
, 936,0
, 936,0
, 936,0
, 936,0
, 936,0
, 936,0
, 936,0
, 936,0
, 936,0
, 936,0
, 935,0
, 936,0
, 935,0
, 936,0
, 936,0
, 936,0
, 936,0
, 936,0
, 936,0
, 936,0
, 936,0
, 936,0
, 935,0
, 936,0
, 935,0
, 936,0
, 936,0
, 936,0
, 936,0
, 936,0
, 936,0
, 936,0
, 936,0
, 936,0
, 936,0
, 936,0
, 936,0
, 936,0
, 936,0
, 936,0
, 936,0
, 935,0
, 936,0
, 936,0
, 936,0
, 935,0
, 936,0
, 936,0
, 936,0
, 936,0
, 936,0
, 936,0
, 936,0
, 936,0
, 936,0
, 936,0
, 936,0
, 936,0
, 936,0
, 936,0
, 936,0
, 936,0
, 936,0
, 936,0
, 935,0
, 936,0
, 935,0
, 936,0
, 936,0
, 936,0
, 936,0
, 936,0
, 935,0
, 936,0
, 936,0
, 936,0
, 936,0
, 936,0
, 936,0
, 936,0
, 936,0
, 936,0
, 936,0
, 936,0
, 936,0
, 935,0
, 936,0
, 936,0
, 936,0
, 936,0
, 936,0
, 936,0
, 936,0
, 936,0
, 936,0
, 936,0
, 936,0
, 936,0
, 936,0
, 935,0
, 935,0
, 936,0
, 936,0
, 936,0
, 936,0
, 936,0
, 936,0
, 936,0
, 936,0
, 936,0
, 936,0
, 936,0
, 936,0
, 936,0
, 936,0
, 936,0
, 936,0
, 936,0
, 936,0
, 936,0
, 936,0
, 936,0
, 936,0
, 936,0
, 936,0
, 936,0
, 936,0
, 936,0
, 936,0
, 936,0
, 936,0
, 936,0
, 936,0
, 935,0
, 936,0
, 936,0
, 936,0
, 936,0
, 936,0
, 936,0
, 936,0
, 936,0
, 936,0
, 936,0
, 936,0
, 936,0
, 936,0
, 936,0
, 936,0
, 936,0
, 936,0
, 936,0
, 936,0
, 936,0
, 936,0
, 936,0
, 936,0
, 936,0
, 936,0
, 936,0
, 936,0
, 936,0
, 936,0
, 936,0
, 936,0
, 936,0
, 936,0
, 937,0
, 936,0
, 936,0
, 936,0
, 936,0
, 936,0
, 936,0
, 936,0
, 936,0
, 935,0
, 936,0
, 936,0
, 936,0
, 936,0
, 936,0
, 936,0
, 936,0
, 936,0
, 936,0
, 936,0
, 936,0
, 936,0
, 936,0
, 936,0
, 936,0
, 935,0
, 936,0
, 935,0
, 936,0
, 936,0
, 936,0
, 936,0
, 936,0
, 936,0
, 936,0
, 936,0
, 936,0
, 936,0
, 936,0
, 936,0
, 936,0
, 936,0
, 936,0
, 936,0
, 936,0
, 936,0
, 936,0
, 936,0
, 935,0
, 936,0
, 936,0
, 936,0
, 936,0
, 936,0
, 936,0
, 936,0
, 935,0
, 936,0
, 935,0
, 936,0
, 936,0
, 936,0
, 936,0
, 936,0
, 936,0
, 936,0
, 936,0
, 936,0
, 936,0
, 936,0
, 936,0
, 936,0
, 936,0
, 936,0
, 936,0
, 936,0
, 936,0
, 936,0
, 936,0
, 936,0
, 936,0
, 935,0
, 936,0
, 936,0
, 936,0
, 936,0
, 936,0
, 936,0
, 936,0
, 936,0
, 936,0
, 936,0
, 936,0
, 936,0
, 936,0
, 936,0
, 936,0
, 936,0
, 937,0
, 936,0
, 935,0
, 936,0
, 936,0
, 936,0
, 936,0
, 936,0
, 936,0
, 936,0
, 936,0
, 936,0
, 936,0
, 936,0
, 935,0
, 936,0
, 936,0
, 936,0
, 935,0
, 936,0
, 936,0
, 936,0
, 936,0
, 936,0
, 935,0
, 936,0
, 936,0
, 936,0
, 936,0
, 936,0
, 936,0
, 936,0
, 936,0
, 936,0
, 936,0
, 936,0
, 936,0
, 936,0
, 935,0
, 936,0
, 935,0
, 935,0
, 936,0
, 937,0
, 936,0
, 936,0
, 936,0
, 936,0
, 936,0
, 936,0
, 936,0
, 936,0
, 935,0
, 936,0
, 936,0
, 936,0
, 936,0
, 936,0
, 936,0
, 936,0
, 936,0
, 936,0
, 936,0
, 936,0
, 936,0
, 936,0
, 936,0
, 936,0
, 935,0
, 936,0
, 936,0
, 936,0
, 936,0
, 935,0
, 936,0
, 936,0
, 936,0
, 936,0
, 936,0
, 936,0
, 936,0
, 936,0
, 936,0
, 936,0
, 936,0
, 936,0
, 936,0
, 936,0
, 936,0
, 935,0
, 936,0
, 936,0
, 936,0
, 935,0
, 936,0
, 936,0
, 936,0
, 936,0
, 936,0
, 936,0
, 936,0
, 936,0
, 936,0
, 936,0
, 936,0
, 936,0
, 936,0
, 936,0
, 936,0
, 935,0
, 936,0
, 936,0
, 936,0
, 936,0
, 936,0
, 936,0
, 936,0
, 936,0
, 935,0
, 936,0
, 936,0
, 936,0
, 935,0
, 936,0
, 936,0
, 936,0
, 936,0
, 936,0
, 936,0
, 936,0
, 936,0
, 936,0
, 936,0
, 935,0
, 936,0
, 936,0
, 936,0
, 936,0
, 936,0
, 936,0
, 936,0
, 936,0
, 936,0
, 935,0
, 936,0
, 936,0
, 936,0
, 936,0
, 936,0
, 936,0
, 936,0
, 936,0
, 935,0
, 936,0
, 936,0
, 936,0
, 935,0
, 936,0
, 936,0
, 936,0
, 936,0
, 936,0
, 936,0
, 936,0
, 936,0
, 936,0
, 936,0
, 936,0
, 936,0
, 936,0
, 936,0
, 936,0
, 936,0
, 936,0
, 936,0
, 936,0
, 935,0
, 936,0
, 936,0
, 935,0
, 936,0
, 936,0
, 936,0
, 936,0
, 937,0
, 936,0
, 936,0
, 937,0
, 936,0
, 936,0
, 936,0
, 936,0
, 936,0
, 936,0
, 936,0
, 936,0
, 936,0
, 935,0
, 936,0
, 936,0
, 936,0
, 936,0
, 936,0
, 936,0
, 936,0
, 936,0
, 936,0
, 936,0
, 936,0
, 936,0
, 936,0
, 936,0
, 936,0
, 936,0
, 936,0
, 936,0
, 936,0
, 936,0
, 936,0
, 936,0
, 936,0
, 936,0
, 936,0
, 936,0
, 935,0
, 936,0
, 936,0
, 936,0
, 936,0
, 936,0
, 935,0
, 936,0
, 936,0
, 936,0
, 937,0
, 936,0
, 936,0
, 936,0
, 936,0
, 936,0
, 936,0
, 935,0
, 936,0
, 936,0
, 936,0
, 936,0
, 936,0
, 936,0
, 936,0
, 936,0
, 936,0
, 935,0
, 936,0
, 936,0
, 935,0
, 936,0
, 936,0
, 936,0
, 936,0
, 936,0
, 936,0
, 936,0
, 936,0
, 936,0
, 936,0
, 936,0
, 936,0
, 936,0
, 936,0
, 936,0
, 936,0
, 936,0
, 935,0
, 936,0
, 936,0
, 936,0
, 936,0
, 936,0
, 936,0
, 936,0
, 936,0
, 936,0
, 936,0
, 936,0
, 934,0
, 936,0
, 936,0
, 935,0
, 936,0
, 936,0
, 936,0
, 936,0
, 936,0
, 936,0
, 936,0
, 936,0
, 936,0
, 936,0
, 936,0
, 936,0
, 936,0
, 936,0
, 936,0
, 936,0
, 936,0
, 936,0
, 936,0
, 936,0
, 936,0
, 936,0
, 936,0
, 936,0
, 936,0
, 936,0
, 936,0
, 936,0
, 936,0
, 936,0
, 936,0
, 936,0
, 936,0
, 936,0
, 936,0
, 936,0
, 936,0
, 937,0
, 936,0
, 936,0
, 936,0
, 936,0
, 935,0
, 936,0
, 936,0
, 936,0
, 935,0
, 936,0
, 936,0
, 936,0
, 936,0
, 936,0
, 936,0
, 936,0
, 936,0
, 936,0
, 936,0
, 936,0
, 936,0
, 936,0
, 936,0
, 936,0
, 936,0
, 936,0
, 936,0
, 936,0
, 936,0
, 936,0
, 936,0
, 936,0
, 936,0
, 936,0
, 936,0
, 936,0
, 936,0
, 936,0
, 936,0
, 936,0
, 936,0
, 936,0
, 936,0
, 936,0
, 936,0
, 936,0
, 936,0
, 936,0
, 936,0
, 936,0
, 936,0
, 936,0
, 936,0
, 936,0
, 936,0
, 936,0
, 936,0
, 935,0
, 936,0
, 936,0
, 936,0
, 936,0
, 936,0
, 935,0
, 935,0
, 936,0
, 936,0
, 936,0
, 936,0
, 935,0
, 936,0
, 936,0
, 936,0
, 936,0
, 936,0
, 936,0
, 936,0
, 936,0
, 936,0
, 936,0
, 936,0
, 935,0
, 936,0
, 936,0
, 936,0
, 936,0
, 936,0
, 935,0
, 936,0
, 936,0
, 936,0
, 936,0
, 936,0
, 936,0
, 936,0
, 936,0
, 936,0
, 936,0
, 936,0
, 935,0
, 936,0
, 936,0
, 936,0
, 936,0
, 936,0
, 936,0
, 936,0
, 936,0
, 935,0
, 936,0
, 936,0
, 936,0
, 936,0
, 936,0
, 936,0
, 936,0
, 936,0
, 936,0
, 936,0
, 936,0
, 936,0
, 936,0
, 935,0
, 936,0
, 936,0
, 936,0
, 936,0
, 936,0
, 936,0
, 936,0
, 936,0
, 936,0
, 936,0
, 936,0
, 936,0
, 936,0
, 936,0
, 936,0
, 936,0
, 936,0
, 937,0
, 936,0
, 936,0
, 936,0
, 936,0
, 936,0
, 936,0
, 936,0
, 936,0
, 935,0
, 936,0
, 936,0
, 936,0
, 936,0
, 936,0
, 936,0
, 936,0
, 936,0
, 936,0
, 936,0
, 936,0
, 936,0
, 936,0
, 935,0
, 936,0
, 936,0
, 936,0
, 936,0
, 936,0
, 936,0
, 936,0
, 936,0
, 936,0
, 936,0
, 936,0
, 936,0
, 936,0
, 936,0
, 936,0
, 936,0
, 936,0
, 936,0
, 936,0
, 935,0
, 936,0
, 936,0
, 936,0
, 936,0
, 936,0
, 936,0
, 936,0
, 936,0
, 936,0
, 936,0
, 936,0
, 936,0
, 936,0
, 936,0
, 936,0
, 936,0
, 936,0
, 936,0
, 936,0
, 936,0
, 936,0
, 936,0
, 936,0
, 936,0
, 936,0
, 936,0
, 936,0
, 936,0
, 935,0
, 936,0
, 936,0
, 936,0
, 936,0
, 936,0
, 936,0
, 936,0
, 935,0
, 936,0
, 936,0
, 936,0
, 936,0
, 936,0
, 936,0
, 936,0
, 936,0
, 936,0
, 936,0
, 936,0
, 936,0
, 936,0
, 936,0
, 936,0
, 936,0
, 936,0
, 936,0
, 936,0
, 934,0
, 936,0
, 936,0
, 936,0
, 936,0
, 936,0
, 936,0
, 936,0
, 936,0
, 936,0
, 935,0
, 936,0
, 936,0
, 936,0
, 936,0
, 936,0
, 936,0
, 935,0
, 936,0
, 936,0
, 936,0
, 936,0
, 936,0
, 936,0
, 936,0
, 936,0
, 936,0
, 936,0
, 936,0
, 936,0
, 935,0
, 936,0
, 936,0
, 935,0
, 936,0
, 936,0
, 936,0
, 936,0
, 936,0
, 936,0
, 936,0
, 937,0
, 936,0
, 936,0
, 936,0
, 936,0
, 936,0
, 936,0
, 935,0
, 936,0
, 935,0
, 936,0
, 936,0
, 936,0
, 936,0
, 936,0
, 936,0
, 936,0
, 936,0
, 936,0
, 936,0
, 936,0
, 935,0
, 936,0
, 936,0
, 936,0
, 936,0
, 936,0
, 936,0
, 936,0
, 936,0
, 936,0
, 936,0
, 936,0
, 936,0
, 936,0
, 936,0
, 936,0
, 936,0
, 936,0
, 936,0
, 936,0
, 936,0
, 936,0
, 935,0
, 936,0
, 935,0
, 936,0
, 936,0
, 936,0
, 935,0
, 936,0
, 936,0
, 936,0
, 936,0
, 936,0
, 936,0
, 936,0
, 936,0
, 936,0
, 936,0
, 936,0
, 936,0
, 936,0
, 936,0
, 936,0
, 936,0
, 936,0
, 936,0
, 936,0
, 936,0
, 936,0
, 936,0
, 936,0
, 935,0
, 936,0
, 936,0
, 936,0
, 935,0
, 936,0
, 936,0
, 936,0
, 936,0
, 936,0
, 936,0
, 936,0
, 935,0
, 936,0
, 936,0
, 936,0
, 936,0
, 936,0
, 936,0
, 936,0
, 936,0
, 936,0
, 936,0
, 935,0
, 936,0
, 936,0
, 936,0
, 935,0
, 936,0
, 936,0
, 936,0
, 936,0
, 936,0
, 936,0
, 936,0
, 936,0
, 935,0
, 935,0
, 936,0
, 936,0
, 936,0
, 936,0
, 935,0
, 936,0
, 936,0
, 936,0
, 936,0
, 936,0
, 936,0
, 936,0
, 936,0
, 936,0
, 936,0
, 936,0
, 935,0
, 936,0
, 936,0
, 936,0
, 936,0
, 936,0
, 936,0
, 936,0
, 936,0
, 936,0
, 936,0
, 936,0
, 936,0
, 936,0
, 937,0
, 936,0
, 936,0
, 936,0
, 936,0
, 935,0
, 936,0
, 936,0
, 936,0
, 936,0
, 936,0
, 936,0
, 936,0
, 936,0
, 936,0
, 936,0
, 935,0
, 936,0
, 936,0
, 936,0
, 936,0
, 936,0
, 936,0
, 936,0
, 936,0
, 935,0
, 936,0
, 936,0
, 936,0
, 936,0
, 936,0
, 936,0
, 935,0
, 936,0
, 936,0
, 936,0
, 936,0
, 936,0
, 936,0
, 936,0
, 936,0
, 936,0
, 936,0
, 936,0
, 936,0
, 936,0
, 936,0
, 936,0
, 936,0
, 936,0
, 935,0
, 936,0
, 936,0
, 936,0
, 936,0
, 936,0
, 936,0
, 936,0
, 936,0
, 936,0
, 936,0
, 936,0
, 936,0
, 936,0
, 936,0
, 935,0
, 936,0
, 936,0
, 936,0
, 936,0
, 936,0
, 936,0
, 936,0
, 936,0
, 936,0
, 936,0
, 936,0
, 936,0
, 936,0
, 936,0
, 936,0
, 936,0
, 936,0
, 936,0
, 936,0
, 936,0
, 936,0
, 936,0
, 936,0
, 936,0
, 936,0
, 936,0
, 936,0
, 936,0
, 936,0
, 936,0
, 936,0
, 936,0
, 935,0
, 936,0
, 935,0
, 936,0
, 936,0
, 935,0
, 936,0
, 936,0
, 936,0
, 936,0
, 936,0
, 935,0
, 936,0
, 936,0
, 936,0
, 936,0
, 936,0
, 935,0
, 936,0
, 936,0
, 936,0
, 935,0
, 936,0
, 936,0
, 936,0
, 936,0
, 936,0
, 936,0
, 936,0
, 936,0
, 936,0
, 936,0
, 936,0
, 936,0
, 936,0
, 936,0
, 936,0
, 936,0
, 936,0
, 936,0
, 936,0
, 936,0
, 936,0
, 937,0
, 936,0
, 936,0
, 936,0
, 936,0
, 936,0
, 936,0
, 936,0
, 936,0
, 936,0
, 936,0
, 936,0
, 936,0
, 936,0
, 936,0
, 936,0
, 936,0
, 936,0
, 935,0
, 936,0
, 936,0
, 936,0
, 936,0
, 936,0
, 936,0
, 936,0
, 936,0
, 936,0
, 936,0
, 936,0
, 936,0
, 936,0
, 935,0
, 936,0
, 936,0
, 936,0
, 936,0
, 936,0
, 936,0
, 936,0
, 936,0
, 936,0
, 936,0
, 936,0
, 936,0
, 936,0
, 936,0
, 936,0
, 936,0
, 936,0
, 935,0
, 936,0
, 936,0
, 936,0
, 936,0
, 935,0
, 936,0
, 936,0
, 936,0
, 936,0
, 936,0
, 936,0
, 936,0
, 935,0
, 935,0
, 936,0
, 936,0
, 936,0
, 936,0
, 936,0
, 936,0
, 936,0
, 936,0
, 936,0
, 936,0
, 936,0
, 936,0
, 936,0
, 936,0
, 936,0
, 936,0
, 936,0
, 936,0
, 936,0
, 936,0
, 936,0
, 936,0
, 936,0
, 936,0
, 936,0
, 936,0
, 936,0
, 936,0
, 936,0
, 936,0
, 936,0
, 935,0
, 936,0
, 936,0
, 936,0
, 935,0
, 936,0
, 936,0
, 936,0
, 936,0
, 936,0
, 936,0
, 936,0
, 936,0
, 935,0
, 936,0
, 936,0
, 936,0
, 935,0
, 936,0
, 936,0
, 936,0
, 936,0
, 936,0
, 936,0
, 936,0
, 936,0
, 936,0
, 936,0
, 936,0
, 936,0
, 936,0
, 936,0
, 936,0
, 936,0
, 935,0
, 936,0
, 936,0
, 936,0
, 936,0
, 936,0
, 936,0
, 936,0
, 936,0
, 936,0
, 936,0
, 936,0
, 936,0
, 936,0
, 936,0
, 936,0
, 936,0
, 936,0
, 936,0
, 936,0
, 936,0
, 936,0
, 936,0
, 936,0
, 936,0
, 936,0
, 936,0
, 936,0
, 936,0
, 936,0
, 936,0
, 936,0
, 936,0
, 936,0
, 936,0
, 936,0
, 936,0
, 936,0
, 936,0
, 935,0
, 936,0
, 936,0
, 936,0
, 936,0
, 936,0
, 936,0
, 936,0
, 936,0
, 936,0
, 936,0
, 936,0
, 936,0
, 936,0
, 936,0
, 936,0
, 936,0
, 936,0
, 936,0
, 936,0
, 936,0
, 936,0
, 937,0
, 936,0
, 936,0
, 936,0
, 936,0
, 935,0
, 936,0
, 936,0
, 936,0
, 936,0
, 936,0
, 936,0
, 936,0
, 936,0
, 936,0
, 936,0
, 936,0
, 936,0
, 936,0
, 936,0
, 936,0
, 936,0
, 936,0
, 936,0
, 936,0
, 936,0
, 935,0
, 936,0
, 936,0
, 936,0
, 936,0
, 936,0
, 936,0
, 936,0
, 936,0
, 936,0
, 936,0
, 936,0
, 936,0
, 936,0
, 936,0
, 936,0
, 936,0
, 936,0
, 935,0
, 936,0
, 935,0
, 936,0
, 936,0
, 936,0
, 935,0
, 936,0
, 936,0
, 936,0
, 936,0
, 936,0
, 936,0
, 936,0
, 936,0
, 935,0
, 935,0
, 936,0
, 936,0
, 936,0
, 936,0
, 936,0
, 936,0
, 936,0
, 936,0
, 936,0
, 936,0
, 936,0
, 936,0
, 936,0
, 936,0
, 936,0
, 936,0
, 936,0
, 935,0
, 936,0
, 935,0
, 936,0
, 936,0
, 935,0
, 936,0
, 936,0
, 936,0
, 936,0
, 936,0
, 936,0
, 936,0
, 937,0
, 936,0
, 936,0
, 936,0
, 936,0
, 936,0
, 936,0
, 935,0
, 936,0
, 934,0
, 936,0
, 936,0
, 936,0
, 936,0
, 936,0
, 936,0
, 936,0
, 936,0
, 936,0
, 936,0
, 936,0
, 936,0
, 935,0
, 936,0
, 936,0
, 936,0
, 936,0
, 936,0
, 935,0
, 936,0
, 936,0
, 936,0
, 936,0
, 936,0
, 936,0
, 936,0
, 936,0
, 936,0
, 936,0
, 936,0
, 936,0
, 936,0
, 935,0
, 935,0
, 936,0
, 936,0
, 936,0
, 936,0
, 936,0
, 936,0
, 937,0
, 936,0
, 936,0
, 936,0
, 936,0
, 936,0
, 936,0
, 936,0
, 936,0
, 936,0
, 936,0
, 936,0
, 936,0
, 935,0
, 936,0
, 936,0
, 936,0
, 936,0
, 936,0
, 936,0
, 935,0
, 936,0
, 936,0
, 936,0
, 936,0
, 936,0
, 935,0
, 936,0
, 936,0
, 936,0
, 936,0
, 936,0
, 936,0
, 936,0
, 936,0
, 936,0
, 936,0
, 936,0
, 936,0
, 936,0
, 936,0
, 936,0
, 936,0
, 936,0
, 936,0
, 936,0
, 936,0
, 936,0
, 936,0
, 936,0
, 935,0
, 936,0
, 936,0
, 936,0
, 936,0
, 936,0
, 936,0
, 936,0
, 936,0
, 936,0
, 936,0
, 935,0
, 936,0
, 936,0
, 936,0
, 936,0
, 936,0
, 936,0
, 936,0
, 936,0
, 936,0
, 936,0
, 936,0
, 935,0
, 936,0
, 936,0
, 936,0
, 935,0
, 936,0
, 936,0
, 936,0
, 936,0
, 936,0
, 936,0
, 936,0
, 936,0
, 936,0
, 936,0
, 936,0
, 936,0
, 936,0
, 937,0
, 936,0
, 936,0
, 936,0
, 936,0
, 936,0
, 936,0
, 936,0
, 936,0
, 935,0
, 936,0
, 936,0
, 936,0
, 936,0
, 936,0
, 936,0
, 936,0
, 936,0
, 936,0
, 936,0
, 936,0
, 936,0
, 936,0
, 936,0
, 936,0
, 936,0
, 936,0
, 935,0
, 936,0
, 936,0
, 936,0
, 936,0
, 936,0
, 936,0
, 936,0
, 936,0
, 936,0
, 936,0
, 936,0
, 936,0
, 936,0
, 936,0
, 936,0
, 936,0
, 936,0
, 936,0
, 936,0
, 936,0
, 936,0
, 936,0
, 936,0
, 936,0
, 936,0
, 936,0
, 936,0
, 936,0
, 936,0
, 936,0
, 936,0
, 936,0
, 936,0
, 936,0
, 936,0
, 936,0
, 936,0
, 936,0
, 936,0
, 936,0
, 936,0
, 936,0
, 936,0
, 936,0
, 936,0
, 936,0
, 936,0
, 936,0
, 936,0
, 936,0
, 936,0
, 936,0
, 936,0
, 936,0
, 936,0
, 936,0
, 936,0
, 936,0
, 935,0
, 936,0
, 936,0
, 936,0
, 936,0
, 936,0
, 936,0
, 936,0
, 936,0
, 936,0
, 936,0
, 936,0
, 936,0
, 936,0
, 935,0
, 936,0
, 936,0
, 936,0
, 936,0
, 936,0
, 936,0
, 935,0
, 936,0
, 936,0
, 936,0
, 936,0
, 936,0
, 936,0
, 935,0
, 936,0
, 936,0
, 936,0
, 936,0
, 936,0
, 936,0
, 936,0
, 936,0
, 936,0
, 936,0
, 936,0
, 936,0
, 936,0
, 936,0
, 936,0
, 936,0
, 936,0
, 936,0
, 935,0
, 936,0
, 936,0
, 936,0
, 936,0
, 936,0
, 935,0
, 936,0
, 937,0
, 936,0
, 936,0
, 936,0
, 936,0
, 936,0
, 936,0
, 936,0
, 936,0
, 935,0
, 936,0
, 936,0
, 936,0
, 936,0
, 936,0
, 936,0
, 936,0
, 936,0
, 936,0
, 936,0
, 935,0
, 936,0
, 936,0
, 936,0
, 936,0
, 936,0
, 936,0
, 936,0
, 936,0
, 936,0
, 936,0
, 936,0
, 936,0
, 936,0
, 936,0
, 936,0
, 936,0
, 936,0
, 936,0
, 936,0
, 936,0
, 936,0
, 936,0
, 936,0
, 936,0
, 936,0
, 936,0
, 936,0
, 936,0
, 936,0
, 935,0
, 936,0
, 936,0
, 934,0
, 936,0
, 936,0
, 936,0
, 936,0
, 936,0
, 936,0
, 936,0
, 936,0
, 936,0
, 936,0
, 936,0
, 936,0
, 936,0
, 936,0
, 936,0
, 936,0
, 936,0
, 936,0
, 935,0
, 936,0
, 936,0
, 936,0
, 936,0
, 936,0
, 936,0
, 936,0
, 936,0
, 936,0
, 936,0
, 936,0
, 936,0
, 936,0
, 936,0
, 936,0
, 936,0
, 936,0
, 936,0
, 936,0
, 936,0
, 936,0
, 936,0
, 936,0
, 936,0
, 936,0
, 936,0
, 936,0
, 935,0
, 936,0
, 936,0
, 936,0
, 936,0
, 936,0
, 936,0
, 936,0
, 936,0
, 935,0
, 936,0
, 936,0
, 936,0
, 936,0
, 936,0
, 936,0
, 935,0
, 936,0
, 936,0
, 936,0
, 936,0
, 936,0
, 936,0
, 936,0
, 936,0
, 936,0
, 936,0
, 935,0
, 936,0
, 936,0
, 936,0
, 936,0
, 936,0
, 936,0
, 936,0
, 936,0
, 936,0
, 936,0
, 936,0
, 936,0
, 936,0
, 937,0
, 936,0
, 936,0
, 936,0
, 936,0
, 936,0
, 936,0
, 936,0
, 935,0
, 935,0
, 936,0
, 936,0
, 936,0
, 936,0
, 936,0
, 936,0
, 935,0
, 936,0
, 936,0
, 936,0
, 936,0
, 936,0
, 936,0
, 936,0
, 936,0
, 936,0
, 936,0
, 936,0
, 936,0
, 936,0
, 936,0
, 936,0
, 936,0
, 936,0
, 936,0
, 936,0
, 936,0
, 936,0
, 936,0
, 936,0
, 936,0
, 936,0
, 936,0
, 936,0
, 936,0
, 936,0
, 936,0
, 936,0
, 936,0
, 936,0
, 934,0
, 936,0
, 936,0
, 936,0
, 936,0
, 936,0
, 936,0
, 936,0
, 936,0
, 936,0
, 936,0
, 936,0
, 936,0
, 936,0
, 936,0
, 936,0
, 936,0
, 936,0
, 936,0
, 936,0
, 936,0
, 936,0
, 936,0
, 936,0
, 936,0
, 936,0
, 936,0
, 936,0
, 936,0
, 936,0
, 936,0
, 936,0
, 936,0
, 935,0
, 936,0
, 936,0
, 936,0
, 936,0
, 936,0
, 936,0
, 936,0
, 936,0
, 936,0
, 936,0
, 936,0
, 936,0
, 936,0
, 936,0
, 936,0
, 936,0
, 935,0
, 936,0
, 936,0
, 936,0
, 935,0
, 936,0
, 936,0
, 936,0
, 936,0
, 935,0
, 936,0
, 936,0
, 936,0
, 936,0
, 936,0
, 936,0
, 936,0
, 936,0
, 936,0
, 936,0
, 936,0
, 936,0
, 936,0
, 936,0
, 935,0
, 936,0
, 936,0
, 936,0
, 936,0
, 936,0
, 936,0
, 936,0
, 936,0
, 936,0
, 936,0
, 936,0
, 936,0
, 935,0
, 936,0
, 936,0
, 936,0
, 937,0
, 936,0
, 936,0
, 936,0
, 936,0
, 936,0
, 936,0
, 936,0
, 936,0
, 936,0
, 936,0
, 936,0
, 936,0
, 936,0
, 936,0
, 936,0
, 936,0
, 935,0
, 936,0
, 936,0
, 936,0
, 936,0
, 936,0
, 936,0
, 936,0
, 936,0
, 936,0
, 936,0
, 936,0
, 936,0
, 936,0
, 936,0
, 936,0
, 936,0
, 936,0
, 936,0
, 936,0
, 936,0
, 936,0
, 936,0
, 936,0
, 936,0
, 936,0
, 936,0
, 935,0
, 936,0
, 936,0
, 936,0
, 936,0
, 936,0
, 935,0
, 936,0
, 936,0
, 936,0
, 936,0
, 936,0
, 936,0
, 936,0
, 936,0
, 936,0
, 936,0
, 936,0
, 936,0
, 936,0
, 936,0
, 936,0
, 936,0
, 936,0
, 936,0
, 936,0
, 936,0
, 935,0
, 936,0
, 936,0
, 936,0
, 936,0
, 936,0
, 936,0
, 936,0
, 936,0
, 936,0
, 936,0
, 936,0
, 936,0
, 936,0
, 936,0
, 936,0
, 936,0
, 936,0
, 936,0
, 936,0
, 936,0
, 935,0
, 936,0
, 936,0
, 936,0
, 936,0
, 936,0
, 936,0
, 936,0
, 935,0
, 936,0
, 936,0
, 936,0
, 935,0
, 936,0
, 936,0
, 936,0
, 936,0
, 935,0
, 936,0
, 936,0
, 936,0
, 936,0
, 936,0
, 936,0
, 936,0
, 936,0
, 936,0
, 936,0
, 936,0
, 936,0
, 936,0
, 936,0
, 936,0
, 935,0
, 936,0
, 936,0
, 936,0
, 936,0
, 936,0
, 936,0
, 936,0
, 936,0
, 936,0
, 936,0
, 936,0
, 936,0
, 936,0
, 935,0
, 936,0
, 937,0
, 936,0
, 936,0
, 936,0
, 936,0
, 935,0
, 936,0
, 936,0
, 936,0
, 935,0
, 936,0
, 936,0
, 936,0
, 936,0
, 936,0
, 936,0
, 936,0
, 936,0
, 935,0
, 936,0
, 936,0
, 936,0
, 936,0
, 936,0
, 936,0
, 936,0
, 936,0
, 936,0
, 936,0
, 936,0
, 936,0
, 936,0
, 936,0
, 936,0
, 936,0
, 936,0
, 936,0
, 936,0
, 936,0
, 935,0
, 936,0
, 936,0
, 936,0
, 936,0
, 936,0
, 936,0
, 936,0
, 936,0
, 936,0
, 936,0
, 937,0
, 936,0
, 936,0
, 936,0
, 936,0
, 936,0
, 936,0
, 936,0
, 936,0
, 936,0
, 936,0
, 936,0
, 936,0
, 936,0
, 936,0
, 936,0
, 936,0
, 936,0
, 936,0
, 936,0
, 936,0
, 936,0
, 936,0
, 936,0
, 936,0
, 936,0
, 936,0
, 936,0
, 936,0
, 936,0
, 936,0
, 935,0
, 936,0
, 936,0
, 936,0
, 936,0
, 936,0
, 936,0
, 936,0
, 936,0
, 936,0
, 936,0
, 936,0
, 936,0
, 936,0
, 936,0
, 936,0
, 936,0
, 935,0
, 936,0
, 935,0
, 936,0
, 936,0
, 936,0
, 936,0
, 936,0
, 936,0
, 936,0
, 936,0
, 936,0
, 936,0
, 936,0
, 936,0
, 936,0
, 936,0
, 935,0
, 936,0
, 936,0
, 936,0
, 936,0
, 935,0
, 936,0
, 936,0
, 936,0
, 936,0
, 936,0
, 936,0
, 936,0
, 936,0
, 936,0
, 936,0
, 936,0
, 936,0
, 936,0
, 936,0
, 936,0
, 936,0
, 936,0
, 936,0
, 936,0
, 936,0
, 937,0
, 936,0
, 936,0
, 936,0
, 936,0
, 936,0
, 936,0
, 936,0
, 936,0
, 935,0
, 936,0
, 936,0
, 936,0
, 936,0
, 936,0
, 936,0
, 936,0
, 936,0
, 936,0
, 936,0
, 936,0
, 936,0
, 935,0
, 936,0
, 936,0
, 935,0
, 936,0
, 935,0
, 936,0
, 936,0
, 936,0
, 936,0
, 936,0
, 936,0
, 936,0
, 936,0
, 936,0
, 936,0
, 936,0
, 936,0
, 936,0
, 936,0
, 936,0
, 936,0
, 936,0
, 936,0
, 936,0
, 936,0
, 936,0
, 936,0
, 937,0
, 936,0
, 936,0
, 936,0
, 936,0
, 936,0
, 936,0
, 936,0
, 936,0
, 936,0
, 936,0
, 936,0
, 936,0
, 936,0
, 936,0
, 936,0
, 936,0
, 936,0
, 936,0
, 935,0
, 936,0
, 935,0
, 936,0
, 936,0
, 936,0
, 936,0
, 936,0
, 936,0
, 936,0
, 936,0
, 936,0
, 935,0
, 936,0
, 936,0
, 936,0
, 936,0
, 936,0
, 936,0
, 936,0
, 936,0
, 936,0
, 936,0
, 936,0
, 936,0
, 936,0
, 936,0
, 936,0
, 936,0
, 936,0
, 936,0
, 935,0
, 936,0
, 935,0
, 936,0
, 936,0
, 936,0
, 936,0
, 936,0
, 936,0
, 936,0
, 936,0
, 936,0
, 936,0
, 936,0
, 936,0
, 936,0
, 935,0
, 936,0
, 936,0
, 936,0
, 936,0
, 936,0
, 936,0
, 935,0
, 936,0
, 936,0
, 936,0
, 936,0
, 935,0
, 936,0
, 936,0
, 936,0
, 936,0
, 936,0
, 936,0
, 936,0
, 936,0
, 936,0
, 936,0
, 936,0
, 936,0
, 937,0
, 936,0
, 936,0
, 936,0
, 935,0
, 936,0
, 936,0
, 936,0
, 936,0
, 935,0
, 936,0
, 936,0
, 936,0
, 936,0
, 936,0
, 936,0
, 935,0
, 936,0
, 936,0
, 936,0
, 936,0
, 936,0
, 936,0
, 936,0
, 936,0
, 936,0
, 936,0
, 936,0
, 936,0
, 936,0
, 936,0
, 936,0
, 936,0
, 936,0
, 936,0
, 936,0
, 936,0
, 936,0
, 936,0
, 936,0
, 936,0
, 936,0
, 936,0
, 936,0
, 935,0
, 936,0
, 936,0
, 936,0
, 936,0
, 936,0
, 936,0
, 936,0
, 936,0
, 935,0
, 936,0
, 936,0
, 936,0
, 936,0
, 936,0
, 936,0
, 936,0
, 936,0
, 936,0
, 936,0
, 936,0
, 936,0
, 935,0
, 936,0
, 936,0
, 936,0
, 936,0
, 936,0
, 936,0
, 936,0
, 936,0
, 936,0
, 936,0
, 936,0
, 936,0
, 936,0
, 936,0
, 936,0
, 936,0
, 936,0
, 936,0
, 936,0
, 936,0
, 936,0
, 936,0
, 936,0
, 935,0
, 936,0
, 936,0
, 936,0
, 936,0
, 936,0
, 936,0
, 936,0
, 936,0
, 936,0
, 935,0
, 936,0
, 936,0
, 936,0
, 936,0
, 936,0
, 936,0
, 936,0
, 936,0
, 935,0
, 936,0
, 936,0
, 936,0
, 935,0
, 936,0
, 936,0
, 936,0
, 936,0
, 936,0
, 936,0
, 936,0
, 936,0
, 936,0
, 936,0
, 936,0
, 936,0
, 936,0
, 936,0
, 936,0
, 936,0
, 936,0
, 936,0
, 936,0
, 936,0
, 936,0
, 936,0
, 936,0
, 936,0
, 936,0
, 936,0
, 936,0
, 937,0
, 936,0
, 936,0
, 936,0
, 936,0
, 936,0
, 936,0
, 936,0
, 936,0
, 935,0
, 936,0
, 936,0
, 936,0
, 935,0
, 935,0
, 936,0
, 936,0
, 936,0
, 936,0
, 936,0
, 936,0
, 935,0
, 936,0
, 936,0
, 936,0
, 936,0
, 936,0
, 936,0
, 936,0
, 936,0
, 937,0
, 936,0
, 936,0
, 936,0
, 936,0
, 936,0
, 936,0
, 935,0
, 936,0
, 936,0
, 936,0
, 936,0
, 936,0
, 936,0
, 936,0
, 936,0
, 936,0
, 935,0
, 936,0
, 936,0
, 935,0
, 936,0
, 936,0
, 936,0
, 936,0
, 936,0
, 936,0
, 936,0
, 936,0
, 936,0
, 936,0
, 935,0
, 936,0
, 936,0
, 936,0
, 936,0
, 936,0
, 936,0
, 936,0
, 936,0
, 936,0
, 936,0
, 936,0
, 936,0
, 936,0
, 936,0
, 936,0
, 936,0
, 936,0
, 936,0
, 935,0
, 936,0
, 936,0
, 936,0
, 936,0
, 936,0
, 936,0
, 936,0
, 936,0
, 936,0
, 936,0
, 936,0
, 936,0
, 936,0
, 936,0
, 936,0
, 936,0
, 936,0
, 936,0
, 935,0
, 934,0
, 936,0
, 936,0
, 936,0
, 936,0
, 936,0
, 936,0
, 936,0
, 936,0
, 936,0
, 936,0
, 936,0
, 936,0
, 936,0
, 936,0
, 936,0
, 936,0
, 935,0
, 936,0
, 936,0
, 936,0
, 936,0
, 936,0
, 936,0
, 936,0
, 936,0
, 936,0
, 935,0
, 936,0
, 936,0
, 936,0
, 936,0
, 936,0
, 936,0
, 935,0
, 936,0
10, 936,0
10, 936,0
10, 936,0
10, 936,0
10, 936,0
10, 937,0
10, 936,0
10, 936,0
10, 936,0
10, 936,0
10, 936,0
10, 936,0
10, 936,0
10, 936,0
10, 936,0
10, 936,0
10, 936,0
10, 936,0
10, 936,0
10, 935,0
10, 936,0
10, 936,0
10, 936,0
10, 936,0
10, 936,0
10, 936,0
10, 936,0
10, 936,0
10, 936,0
10, 936,0
10, 936,0
10, 936,0
10, 936,0
10, 936,0
10, 936,0
10, 936,0
10, 936,0
10, 937,0
10, 937,0
10, 935,0
10, 935,0
10, 933,0
10, 931,0
10, 929,0
10, 927,0
10, 926,0
10, 924,0
10, 922,0
10, 921,0
10, 918,0
10, 917,0
10, 915,0
10, 912,0
10, 910,0
10, 908,0
10, 906,0
10, 904,0
10, 902,0
10, 900,0
10, 898,0
10, 896,0
10, 893,0
10, 889,0
10, 887,0
10, 884,0
10, 882,0
10, 879,0
10, 876,0
10, 874,0
10, 870,0
10, 868,0
10, 866,0
10, 863,0
10, 860,0
10, 858,0
10, 857,0
10, 855,0
10, 853,0
10, 850,0
10, 847,0
10, 846,0
10, 844,0
10, 843,0
10, 842,0
10, 840,0
10, 838,0
10, 836,0
10, 832,0
10, 829,0
10, 824,0
10, 821,0
10, 819,0
10, 815,0
10, 812,0
10, 810,0
10, 806,0
10, 804,0
10, 801,0
10, 799,0
10, 798,0
10, 796,0
10, 794,0
10, 792,0
10, 790,0
10, 787,0
10, 785,0
10, 782,0
10, 780,0
10, 777,0
10, 775,0
10, 772,0
10, 769,0
10, 766,0
10, 763,0
10, 760,0
10, 756,0
10, 752,0
10, 750,0
10, 748,0
10, 745,0
10, 743,0
10, 740,0
10, 737,0
10, 735,0
10, 732,0
10, 731,0
10, 730,0
10, 729,0
10, 726,0
10, 724,0
10, 721,0
10, 718,0
10, 715,0
10, 711,0
10, 709,0
10, 707,0
10, 705,0
10, 702,0
10, 699,0
10, 694,0
10, 691,0
10, 688,0
10, 686,0
10, 683,0
10, 680,0
10, 678,0
10, 675,0
10, 673,0
10, 672,0
10, 669,0
10, 667,0
10, 665,0
10, 663,0
10, 661,0
10, 658,0
10, 655,0
10, 653,0
10, 650,0
10, 647,0
10, 644,0
10, 641,0
10, 638,0
10, 636,0
10, 632,0
10, 629,0
10, 626,0
10, 623,0
10, 619,0
10, 617,0
10, 613,0
10, 611,0
10, 608,0
10, 606,0
10, 603,0
10, 601,0
10, 599,0
10, 596,0
10, 594,0
10, 593,0
10, 591,0
10, 589,0
10, 588,0
10, 585,0
10, 582,0
10, 581,0
10, 579,0
10, 575,0
10, 573,0
10, 570,0
10, 567,0
10, 563,0
10, 559,0
10, 556,0
10, 553,0
10, 550,0
10, 547,0
10, 544,0
10, 542,0
10, 538,0
10, 535,0
10, 533,0
10, 530,0
10, 527,0
10, 525,0
10, 523,0
10, 522,0
10, 520,0
10, 518,0
10, 516,0
10, 513,0
10, 511,0
10, 510,0
10, 508,0
10, 505,0
10, 502,0
10, 498,0
10, 494,0
10, 489,0
10, 487,0
10, 484,0
10, 481,0
10, 478,0
10, 475,103
10, 472,159
10, 469,194
10, 465,207
10, 462,331
10, 461,361
10, 459,384
10, 457,424
10, 453,500
10, 449,526
10, 447,551
10, 444,574
10, 441,587
10, 438,596
10, 436,603
10, 432,627
10, 427,637
10, 423,646
10, 420,656
10, 415,666
10, 413,674
10, 410,683
10, 408,699
10, 406,711
10, 402,722
10, 401,732
10, 399,738
10, 397,753
10, 395,777
10, 392,788
10, 390,798
10, 386,804
10, 383,810
10, 380,815
10, 378,819
10, 376,822
10, 374,826
10, 372,830
10, 369,834
10, 366,838
10, 363,842
10, 359,849
10, 357,858
10, 356,863
10, 354,866
10, 352,869
10, 350,871
10, 349,874
10, 348,876
10, 347,882
10, 346,888
10, 345,892
10, 344,895
10, 343,897
10, 342,899
10, 341,900
10, 339,902
10, 338,905
10, 337,906
10, 336,906
10, 336,906
10, 336,907
10, 336,907
10, 336,907
10, 336,907
10, 336,907
10, 336,908
10, 336,908
10, 336,908
10, 336,908
10, 336,908
10, 336,908
10, 336,908
10, 336,908
10, 336,908
10, 336,908
10, 336,909
10, 336,909
10, 336,909
10, 336,909
10, 336,909
10, 336,909
10, 336,909
10, 336,909
10, 336,909
10, 336,909
10, 336,909
10, 336,910
10, 336,910
10, 336,909
10, 336,910
10, 336,910
10, 336,910
10, 336,910
10, 336,910
10, 336,910
10, 336,910
10, 336,910
10, 336,910
10, 336,910
10, 336,910
10, 336,910
10, 336,910
10, 336,910
10, 336,910
10, 336,910
10, 336,910
10, 336,910
10, 336,910
10, 336,910
10, 336,910
10, 336,911
10, 336,911
10, 336,910
10, 336,910
10, 336,910
10, 336,911
10, 336,911
10, 336,911
10, 336,910
10, 336,911
10, 336,911
10, 336,911
10, 336,911
10, 336,911
10, 336,911
10, 336,911
10, 336,910
10, 336,911
10, 336,911
10, 336,911
10, 336,911
10, 336,910
10, 336,911
10, 336,911
10, 336,911
10, 336,910
10, 336,911
10, 336,910
10, 336,911
10, 336,911
10, 336,911
10, 336,911
10, 336,911
10, 336,911
10, 336,911
10, 336,911
10, 336,911
10, 336,911
10, 336,911
10, 336,910
10, 336,911
10, 336,911
10, 336,911
10, 336,911
10, 336,911
10, 336,911
10, 336,911
10, 336,911
10, 336,911
10, 336,911
10, 337,912
10, 336,911
10, 336,911
10, 336,911
10, 336,911
10, 336,912
10, 336,911
10, 336,911
10, 336,911
10, 336,912
10, 336,911
10, 336,911
10, 336,912
10, 336,912
10, 336,911
10, 336,911
10, 336,911
10, 336,912
10, 336,911
10, 336,911
10, 336,912
10, 336,912
10, 336,912
10, 336,912
10, 336,912
10, 337,912
10, 336,912
10, 336,912
10, 336,911
10, 336,912
10, 336,912
10, 336,911
10, 336,912
10, 336,912
10, 336,912
10, 336,911
10, 336,912
10, 336,911
10, 336,912
10, 336,912
10, 336,912
10, 336,912
10, 336,912
10, 336,912
10, 336,912
10, 336,912
10, 336,912
10, 336,912
10, 336,912
10, 336,912
10, 336,912
10, 336,912
10, 336,912
10, 336,912
10, 336,912
10, 336,912
10, 336,912
10, 336,912
10, 336,912
10, 336,912
10, 336,912
10, 336,912
10, 336,912
10, 336,912
10, 336,912
10, 336,912
10, 336,912
10, 336,912
10, 336,912
10, 336,912
10, 336,912
10, 336,912
10, 336,912
10, 336,912
10, 336,912
10, 336,911
10, 336,912
10, 336,912
10, 336,912
10, 336,912
10, 336,912
10, 336,912
10, 336,911
10, 336,910
10, 336,909
10, 336,908
10, 336,905
10, 336,903
10, 336,901
10, 336,899
10, 336,896
10, 336,892
10, 337,886
10, 337,880
10, 337,872
10, 340,866
10, 344,859
10, 347,849
10, 349,845
10, 352,842
10, 354,838
10, 358,836
10, 362,831
10, 365,825
10, 368,814
10, 370,802
10, 372,795
10, 374,784
10, 376,774
10, 378,763
10, 380,754
10, 382,746
10, 383,732
10, 384,707
10, 386,685
10, 389,677
10, 392,671
10, 396,662
10, 399,651
10, 401,643
10, 405,633
10, 409,622
10, 412,588
10, 414,582
10, 417,572
10, 421,552
10, 424,529
10, 426,512
10, 427,441
10, 428,430
10, 429,403
10, 430,361
10, 431,361
10, 431,360
10, 431,360
10, 431,360
10, 432,360
10, 432,361
10, 431,361
10, 432,361
10, 432,361
10, 432,362
10, 432,363
10, 432,363
10, 432,363
10, 432,364
10, 432,364
10, 432,364
10, 432,365
10, 432,365
10, 432,365
10, 432,365
10, 432,366
10, 432,366
10, 432,367
10, 432,366
10, 432,367
10, 432,367
10, 432,367
10, 432,368
10, 432,368
10, 432,369
10, 432,369
10, 432,370
10, 432,370
10, 432,370
10, 432,371
10, 432,371
10, 432,371
10, 432,371
10, 432,375
10, 432,377
10, 432,378
10, 432,378
10, 431,378
10, 432,379
10, 432,380
10, 432,380
10, 432,380
10, 432,380
10, 432,382
10, 432,383
10, 432,382
10, 432,384
10, 432,385
10, 432,385
10, 432,385
10, 433,415
10, 433,469
10, 433,496
10, 433,524
10, 433,544
10, 432,561
10, 431,577
10, 429,584
10, 426,591
10, 423,596
10, 419,626
10, 415,638
10, 413,648
10, 410,658
10, 409,664
10, 406,670
10, 404,683
10, 403,695
10, 401,706
10, 400,727
10, 399,736
10, 397,753
10, 394,769
10, 392,778
10, 388,788
10, 384,797
10, 381,806
10, 379,813
10, 377,817
10, 375,821
10, 373,825
10, 370,827
10, 367,829
10, 363,834
10, 359,841
10, 357,849
10, 355,857
10, 354,863
10, 352,867
10, 351,873
10, 350,876
10, 349,881
10, 348,885
10, 347,888
10, 345,893
10, 344,897
10, 343,899
10, 342,900
10, 341,902
10, 339,904
10, 338,907
10, 338,908
10, 337,908
10, 337,908
10, 337,908
10, 337,908
10, 337,908
10, 337,909
10, 337,908
10, 337,909
10, 337,909
10, 337,909
10, 337,910
10, 337,909
10, 337,909
10, 337,910
10, 337,910
10, 337,910
10, 337,910
10, 337,910
10, 337,910
10, 337,909
10, 337,910
10, 337,910
10, 337,910
10, 337,910
10, 337,910
10, 337,910
10, 337,910
10, 337,910
10, 337,910
10, 337,910
10, 337,910
10, 337,910
10, 337,911
10, 337,911
10, 337,911
10, 337,910
10, 337,911
10, 337,911
10, 337,910
10, 337,911
10, 337,910
10, 337,911
10, 337,911
10, 337,911
10, 337,911
10, 337,911
10, 337,911
10, 337,910
10, 337,909
10, 336,908
10, 337,907
10, 336,905
10, 337,902
10, 337,901
10, 337,899
10, 337,896
10, 337,892
10, 337,886
10, 337,881
10, 338,873
10, 341,867
10, 345,859
10, 347,851
10, 350,845
10, 352,844
10, 356,840
10, 359,837
10, 363,832
10, 366,826
10, 369,816
10, 371,805
10, 373,797
10, 374,787
10, 376,776
10, 379,764
10, 381,755
10, 382,743
10, 384,724
10, 385,710
10, 387,686
10, 390,677
10, 393,669
10, 397,658
10, 399,652
10, 402,641
10, 407,631
10, 411,599
10, 413,587
10, 415,581
10, 419,570
10, 423,546
10, 425,524
10, 427,498
10, 428,421
10, 429,368
10, 431,364
10, 431,362
10, 432,358
10, 432,356
10, 432,355
10, 432,356
10, 432,355
10, 432,356
10, 432,356
10, 432,358
10, 432,358
10, 432,358
10, 433,359
10, 432,359
10, 432,359
10, 433,360
10, 433,360
10, 432,360
10, 433,360
10, 433,361
10, 432,361
10, 432,361
10, 433,361
10, 432,362
10, 432,362
10, 432,363
10, 433,363
10, 432,363
10, 433,364
10, 432,364
10, 432,364
10, 432,364
10, 433,364
10, 433,365
10, 432,365
10, 432,365
10, 433,366
10, 433,372
10, 432,372
10, 432,373
10, 432,373
10, 433,373
10, 432,373
10, 432,374
10, 432,374
10, 432,374
10, 432,375
10, 432,375
10, 432,375
10, 432,376
10, 432,375
10, 432,376
10, 432,375
10, 432,376
10, 432,377
10, 432,376
10, 432,377
10, 433,378
10, 433,379
10, 433,377
10, 434,413
10, 434,465
10, 434,507
10, 434,533
10, 433,552
10, 432,570
10, 430,582
10, 428,589
10, 424,594
10, 421,604
10, 416,631
10, 414,645
10, 411,654
10, 409,663
10, 407,669
10, 404,680
10, 402,690
10, 401,704
10, 400,725
10, 399,735
10, 397,746
10, 394,764
10, 391,776
10, 388,784
10, 385,795
10, 382,804
10, 380,811
10, 377,816
10, 375,820
10, 373,824
10, 370,827
10, 367,829
10, 364,831
10, 359,840
10, 357,846
10, 355,856
10, 353,862
10, 351,867
10, 350,872
10, 349,874
10, 348,880
10, 347,884
10, 346,887
10, 345,891
10, 344,896
10, 343,899
10, 342,901
10, 341,902
10, 340,904
10, 340,905
10, 339,906
10, 339,906
10, 339,906
10, 339,906
10, 339,907
10, 339,907
10, 339,906
10, 339,907
10, 339,907
10, 339,907
10, 339,907
10, 339,907
10, 339,907
10, 339,907
10, 339,907
10, 339,908
10, 339,908
10, 339,907
10, 339,908
10, 339,908
10, 339,908
10, 339,907
10, 339,908
10, 339,908
10, 339,908
10, 339,908
10, 339,908
10, 339,908
10, 339,908
10, 339,907
10, 339,908
10, 339,908
10, 339,908
10, 339,908
10, 339,908
10, 339,909
10, 339,908
10, 339,908
10, 339,908
10, 339,908
10, 339,908
10, 339,909
10, 339,908
10, 339,909
10, 339,908
10, 339,908
10, 339,909
10, 339,909
10, 339,908
10, 339,908
10, 339,908
10, 339,907
10, 339,905
10, 339,902
10, 339,900
10, 339,900
10, 339,898
10, 339,895
10, 339,891
10, 339,885
10, 339,880
10, 340,872
10, 343,866
10, 346,858
10, 349,848
10, 351,845
10, 354,843
10, 357,840
10, 361,835
10, 364,831
10, 368,822
10, 370,812
10, 372,800
10, 373,794
10, 375,783
10, 377,770
10, 380,761
10, 382,750
10, 383,734
10, 384,721
10, 386,699
10, 389,680
10, 392,673
10, 396,662
10, 398,655
10, 401,646
10, 405,634
10, 409,607
10, 412,590
10, 414,584
10, 418,574
10, 422,553
10, 425,528
10, 426,512
10, 428,456
10, 429,373
10, 429,368
10, 430,364
10, 431,363
10, 431,362
10, 431,360
10, 432,361
10, 432,360
10, 432,361
10, 432,362
10, 432,362
10, 432,362
10, 432,363
10, 432,363
10, 432,363
10, 432,363
10, 432,363
10, 432,363
10, 432,364
10, 432,364
10, 432,364
10, 432,365
10, 432,366
10, 432,366
10, 432,366
10, 432,367
10, 432,366
10, 432,367
10, 432,367
10, 432,367
10, 432,367
10, 432,368
10, 432,368
10, 432,368
10, 432,368
10, 432,369
10, 432,370
10, 432,370
10, 432,371
10, 432,371
10, 432,371
10, 432,372
10, 432,372
10, 432,372
10, 432,374
10, 432,375
10, 432,376
10, 432,377
10, 432,378
10, 432,378
10, 432,378
10, 432,379
10, 432,379
10, 432,379
10, 432,380
10, 432,380
10, 432,380
10, 432,380
10, 432,381
10, 432,381
10, 432,381
10, 432,381
10, 432,381
10, 432,381
10, 432,381
10, 432,382
10, 432,379
10, 433,404
10, 433,427
10, 433,473
10, 433,515
10, 433,536
10, 432,554
10, 431,574
10, 429,584
10, 427,590
10, 423,597
10, 420,606
10, 415,633
10, 413,646
10, 411,656
10, 408,664
10, 405,670
10, 403,682
10, 401,694
10, 400,708
10, 400,729
10, 398,738
10, 395,754
10, 391,769
10, 387,779
10, 385,788
10, 383,799
10, 381,807
10, 378,813
10, 376,818
10, 374,822
10, 372,826
10, 369,828
10, 367,830
10, 363,834
10, 359,841
10, 357,851
10, 355,858
10, 353,864
10, 351,869
10, 350,873
10, 349,878
10, 349,883
10, 347,885
10, 346,888
10, 345,893
10, 344,897
10, 343,899
10, 342,901
10, 341,903
10, 340,905
10, 339,906
10, 339,906
10, 339,907
10, 339,907
10, 339,907
10, 339,907
10, 339,907
10, 339,907
10, 339,907
10, 338,908
10, 339,907
10, 339,908
10, 339,908
10, 338,908
10, 339,908
10, 338,908
10, 339,909
10, 339,908
10, 338,908
10, 338,908
10, 339,908
10, 339,908
10, 338,908
10, 339,908
10, 339,909
10, 338,908
10, 338,908
10, 338,908
10, 338,909
10, 339,909
10, 338,909
10, 339,908
10, 338,909
10, 338,909
10, 338,909
10, 339,909
10, 339,909
10, 338,909
10, 338,909
10, 339,909
10, 338,909
10, 338,908
10, 338,909
10, 338,909
10, 338,909
10, 338,909
10, 339,909
10, 338,909
10, 338,909
10, 338,909
10, 338,909
10, 338,909
10, 338,910
10, 338,909
10, 338,909
10, 339,910
10, 338,910
10, 339,910
10, 339,910
10, 338,910
10, 338,910
10, 338,910
10, 338,910
10, 339,910
10, 338,910
10, 338,910
10, 338,909
10, 338,910
10, 338,909
10, 339,908
10, 338,907
10, 338,904
10, 338,902
10, 338,900
10, 338,898
10, 338,896
10, 338,892
10, 338,885
10, 339,880
10, 340,872
10, 343,866
10, 347,858
10, 349,848
10, 351,846
10, 354,842
10, 357,840
10, 361,835
10, 365,830
10, 368,821
10, 370,810
10, 372,800
10, 374,792
10, 375,781
10, 378,769
10, 380,760
10, 382,746
10, 383,730
10, 384,717
10, 386,697
10, 389,678
10, 393,671
10, 396,659
10, 399,653
10, 402,642
10, 406,632
10, 410,598
10, 412,588
10, 414,581
10, 418,569
10, 423,547
10, 425,525
10, 427,506
10, 428,437
10, 429,371
10, 430,372
10, 431,368
10, 432,358
10, 432,357
10, 432,355
10, 432,356
10, 432,355
10, 432,356
10, 432,356
10, 432,357
10, 432,357
10, 432,358
10, 432,358
10, 432,359
10, 432,360
10, 432,360
10, 432,360
10, 432,360
10, 432,361
10, 432,361
10, 432,361
10, 432,362
10, 432,362
10, 432,368
10, 432,368
10, 432,368
10, 432,368
10, 432,368
10, 432,368
10, 432,368
10, 432,369
10, 432,369
10, 432,369
10, 432,370
10, 432,369
10, 432,370
10, 432,370
10, 432,370
10, 432,371
10, 432,371
10, 432,371
10, 432,371
10, 432,372
10, 432,372
10, 432,373
10, 432,373
10, 432,373
10, 432,373
10, 432,373
10, 432,374
10, 432,373
10, 432,374
10, 432,374
10, 432,374
10, 432,375
10, 432,375
10, 432,375
10, 432,374
10, 432,375
10, 432,374
10, 432,375
10, 432,375
10, 432,371
10, 432,376
10, 433,378
10, 433,383
10, 434,420
10, 434,446
10, 434,505
10, 434,530
10, 433,550
10, 432,567
10, 430,582
10, 428,588
10, 424,593
10, 421,601
10, 416,629
10, 413,644
10, 411,654
10, 409,663
10, 406,669
10, 403,679
10, 401,691
10, 401,706
10, 400,728
10, 398,736
10, 395,750
10, 390,765
10, 387,777
10, 385,786
10, 383,797
10, 381,806
10, 378,812
10, 376,817
10, 374,821
10, 372,825
10, 369,828
10, 367,830
10, 364,833
10, 359,840
10, 357,848
10, 356,858
10, 353,863
10, 351,868
10, 350,873
10, 349,877
10, 348,882
10, 347,885
10, 346,888
10, 345,891
10, 344,897
10, 343,899
10, 342,901
10, 341,902
10, 340,905
10, 339,906
10, 339,907
10, 339,907
10, 338,907
10, 339,907
10, 338,907
10, 339,907
10, 338,908
10, 339,908
10, 338,908
10, 338,908
10, 338,907
10, 338,908
10, 339,908
10, 338,908
10, 338,908
10, 338,908
10, 338,908
10, 338,908
10, 338,908
10, 338,908
10, 338,908
10, 339,908
10, 338,908
10, 338,908
10, 338,909
10, 338,908
10, 338,909
10, 338,909
10, 338,909
10, 338,909
10, 338,909
10, 338,909
10, 338,909
10, 338,909
10, 338,909
10, 338,908
10, 338,909
10, 338,909
10, 338,909
10, 338,909
10, 338,909
10, 338,909
10, 338,909
10, 338,909
10, 338,909
10, 338,909
10, 338,909
10, 338,909
10, 338,910
10, 338,909
10, 338,909
10, 338,910
10, 338,909
10, 338,909
10, 338,910
10, 338,909
10, 338,909
10, 338,909
10, 338,908
10, 338,907
10, 338,904
10, 338,902
10, 338,901
10, 338,899
10, 338,897
10, 338,893
10, 338,886
10, 338,882
10, 339,875
10, 342,867
10, 346,859
10, 348,851
10, 350,846
10, 353,844
10, 357,842
10, 361,837
10, 364,832
10, 367,823
10, 369,816
10, 371,803
10, 373,795
10, 375,784
10, 377,772
10, 380,763
10, 382,751
10, 383,739
10, 384,723
10, 386,706
10, 389,681
10, 392,674
10, 395,663
10, 398,656
10, 401,645
10, 405,634
10, 409,602
10, 412,590
10, 414,584
10, 417,573
10, 422,552
10, 425,529
10, 427,513
10, 428,470
10, 428,394
10, 429,372
10, 430,365
10, 431,363
10, 431,360
10, 432,359
10, 432,360
10, 431,360
10, 432,360
10, 432,361
10, 432,361
10, 432,362
10, 432,362
10, 432,363
10, 432,362
10, 432,363
10, 432,363
10, 432,364
10, 432,364
10, 432,364
10, 432,364
10, 432,364
10, 432,365
10, 432,365
10, 432,366
10, 432,365
10, 432,365
10, 432,366
10, 432,366
10, 432,366
10, 432,366
10, 432,366
10, 432,366
10, 432,367
10, 432,368
10, 432,368
10, 432,368
10, 432,369
10, 432,369
10, 432,369
10, 432,369
10, 432,369
10, 432,370
10, 432,370
10, 432,371
10, 432,371
10, 432,372
10, 432,372
10, 432,372
10, 432,373
10, 432,373
10, 432,373
10, 432,374
10, 432,374
10, 432,374
10, 432,375
10, 432,376
10, 432,379
10, 432,409
10, 433,424
10, 433,489
10, 433,520
10, 433,536
10, 432,556
10, 431,574
10, 429,584
10, 426,590
10, 423,597
10, 419,607
10, 415,636
10, 412,647
10, 410,658
10, 407,665
10, 404,671
10, 402,685
10, 401,697
10, 400,721
10, 399,732
10, 396,740
10, 392,760
10, 388,773
10, 386,782
10, 383,794
10, 382,801
10, 379,810
10, 376,815
10, 375,820
10, 372,823
10, 370,827
10, 367,830
10, 364,831
10, 360,838
10, 357,845
10, 355,855
10, 353,862
10, 351,867
10, 350,872
10, 349,877
10, 348,882
10, 347,885
10, 346,888
10, 345,892
10, 344,897
10, 343,900
10, 341,901
10, 340,903
10, 339,906
10, 338,906
10, 338,907
10, 338,907
10, 338,908
10, 338,908
10, 338,908
10, 338,908
10, 338,908
10, 338,908
10, 338,908
10, 338,908
10, 338,908
10, 338,908
10, 338,908
10, 338,908
10, 338,908
10, 338,908
10, 338,909
10, 338,908
10, 338,909
10, 338,908
10, 338,909
10, 338,909
10, 338,909
10, 338,909
10, 338,908
10, 338,909
10, 338,909
10, 338,909
10, 338,910
10, 338,909
10, 338,909
10, 338,910
10, 338,910
10, 338,909
10, 338,910
10, 338,910
10, 338,909
10, 338,910
10, 338,910
10, 338,910
10, 338,910
10, 338,910
10, 338,910
10, 338,910
10, 338,910
10, 338,910
10, 338,910
10, 338,910
10, 338,910
10, 338,909
10, 338,910
10, 338,909
10, 337,908
10, 337,908
10, 337,905
10, 337,903
10, 337,901
10, 337,899
10, 337,897
10, 337,893
10, 337,888
10, 338,883
10, 338,878
10, 341,869
10, 346,861
10, 348,854
10, 350,846
10, 353,846
10, 356,842
10, 360,840
10, 363,834
10, 367,825
10, 369,819
10, 371,806
10, 373,797
10, 375,787
10, 377,775
10, 379,765
10, 381,755
10, 383,741
10, 384,724
10, 385,710
10, 388,687
10, 391,675
10, 395,667
10, 398,657
10, 400,648
10, 404,636
10, 408,613
10, 411,590
10, 413,585
10, 416,574
10, 421,555
10, 424,532
10, 426,517
10, 427,486
10, 428,433
10, 429,375
10, 429,373
10, 430,370
10, 431,370
10, 431,364
10, 431,362
10, 431,363
10, 431,363
10, 431,363
10, 431,364
10, 431,364
10, 431,364
10, 431,364
10, 431,365
10, 431,365
10, 431,365
10, 432,366
10, 431,366
10, 431,366
10, 431,367
10, 431,367
10, 431,367
10, 432,368
10, 431,368
10, 431,368
10, 431,368
10, 431,368
10, 431,368
10, 431,369
10, 431,369
10, 431,370
10, 431,370
10, 431,375
10, 432,376
10, 431,376
10, 431,377
10, 431,377
10, 431,378
10, 432,377
10, 431,378
10, 432,378
10, 431,379
10, 431,379
10, 432,379
10, 431,380
10, 431,380
10, 431,380
10, 431,380
10, 431,381
10, 431,381
10, 431,381
10, 431,382
10, 432,382
10, 431,382
10, 431,382
10, 431,378
10, 431,383
10, 431,389
10, 431,394
10, 432,396
10, 432,413
10, 432,418
10, 432,427
10, 433,496
10, 433,521
10, 433,538
10, 432,558
10, 430,575
10, 429,585
10, 426,590
10, 423,597
10, 419,607
10, 414,637
10, 412,648
10, 410,659
10, 407,666
10, 404,672
10, 402,685
10, 401,698
10, 400,724
10, 398,733
10, 395,741
10, 391,761
10, 388,774
10, 385,782
10, 383,795
10, 381,803
10, 378,811
10, 376,817
10, 374,821
10, 372,824
10, 369,828
10, 367,830
10, 363,833
10, 359,840
10, 357,848
10, 355,857
10, 353,864
10, 351,868
10, 350,873
10, 349,879
10, 348,882
10, 347,886
10, 346,889
10, 344,894
10, 344,898
10, 342,900
10, 341,901
10, 340,903
10, 339,906
10, 338,907
10, 338,908
10, 338,908
10, 338,908
10, 338,907
10, 338,908
10, 337,908
10, 337,908
10, 337,908
10, 337,908
10, 337,908
10, 337,908
10, 337,909
10, 337,909
10, 337,909
10, 337,909
10, 337,908
10, 337,909
10, 338,909
10, 337,909
10, 337,909
10, 337,909
10, 337,909
10, 337,909
10, 337,909
10, 337,910
10, 337,910
10, 337,910
10, 337,910
10, 337,910
10, 337,910
10, 337,910
10, 337,910
10, 337,910
10, 337,910
10, 337,910
10, 337,910
10, 337,910
10, 337,910
10, 337,910
10, 337,910
10, 337,910
10, 337,910
10, 337,910
10, 337,910
10, 337,910
10, 337,910
10, 337,910
10, 337,910
10, 337,910
10, 337,910
10, 337,910
10, 337,910
10, 337,910
10, 337,910
10, 337,910
10, 337,911
10, 337,910
10, 337,910
10, 337,911
10, 337,910
10, 337,910
10, 337,910
10, 337,910
10, 337,910
10, 337,911
10, 337,910
10, 337,910
10, 337,909
10, 337,909
10, 337,907
10, 337,904
10, 337,902
10, 337,900
10, 337,898
10, 337,895
10, 337,889
10, 337,885
10, 338,879
10, 341,870
10, 345,862
10, 348,856
10, 350,847
10, 353,846
10, 356,842
10, 359,840
10, 363,835
10, 367,825
10, 369,819
10, 371,806
10, 372,797
10, 375,788
10, 376,776
10, 379,764
10, 381,755
10, 383,742
10, 384,724
10, 385,710
10, 388,691
10, 391,675
10, 394,667
10, 397,657
10, 400,649
10, 404,637
10, 407,620
10, 411,589
10, 413,585
10, 416,575
10, 421,555
10, 424,535
10, 426,519
10, 427,497
10, 428,470
10, 428,395
10, 429,373
10, 429,371
10, 430,371
10, 430,370
10, 430,365
10, 431,366
10, 431,366
10, 431,366
10, 431,366
10, 431,367
10, 431,368
10, 431,368
10, 431,372
10, 431,373
10, 431,373
10, 431,373
10, 431,373
10, 431,373
10, 431,373
10, 431,374
10, 431,373
10, 431,374
10, 431,374
10, 431,374
10, 431,374
10, 431,375
10, 431,375
10, 431,380
10, 431,380
10, 431,381
10, 431,381
10, 431,380
10, 431,381
10, 431,381
10, 431,389
10, 431,396
10, 431,390
10, 431,391
10, 431,393
10, 431,401
10, 431,402
10, 431,409
10, 432,417
10, 432,470
10, 432,509
10, 432,528
10, 432,544
10, 431,563
10, 429,578
10, 427,586
10, 424,592
10, 421,600
10, 415,627
10, 413,643
10, 411,653
10, 408,662
10, 405,669
10, 403,680
10, 401,691
10, 400,717
10, 399,728
10, 396,737
10, 393,752
10, 389,764
10, 387,778
10, 384,788
10, 382,799
10, 380,806
10, 378,814
10, 375,819
10, 373,823
10, 370,826
10, 368,829
10, 365,832
10, 361,837
10, 357,844
10, 356,855
10, 354,861
10, 352,866
10, 350,871
10, 349,877
10, 348,882
10, 347,885
10, 346,888
10, 345,891
10, 344,897
10, 343,900
10, 341,901
10, 340,903
10, 339,906
10, 338,907
10, 338,908
10, 338,908
10, 338,907
10, 338,908
10, 338,908
10, 338,908
10, 337,908
10, 337,908
10, 338,908
10, 338,908
10, 337,908
10, 338,909
10, 337,909
10, 337,909
10, 337,909
10, 337,909
10, 338,909
10, 337,909
10, 337,910
10, 338,909
10, 338,910
10, 338,909
10, 337,910
10, 338,910
10, 338,910
10, 338,910
10, 338,910
10, 337,910
10, 338,910
10, 338,910
10, 338,910
10, 338,910
10, 337,910
10, 338,910
10, 338,911
10, 337,909
10, 337,910
10, 337,910
10, 337,909
10, 337,907
10, 337,906
10, 337,903
10, 337,901
10, 337,900
10, 337,898
10, 337,894
10, 337,889
10, 338,884
10, 338,879
10, 341,872
10, 345,864
10, 347,857
10, 350,848
10, 352,846
10, 355,842
10, 359,841
10, 363,836
10, 366,827
10, 369,821
10, 370,808
10, 372,799
10, 374,790
10, 376,779
10, 379,767
10, 381,757
10, 383,744
10, 383,726
10, 385,714
10, 387,698
10, 391,677
10, 394,668
10, 397,658
10, 400,651
10, 403,639
10, 407,622
10, 411,591
10, 413,587
10, 416,577
10, 421,559
10, 424,537
10, 426,522
10, 427,500
10, 428,471
10, 428,402
10, 429,370
10, 430,374
10, 430,367
10, 430,367
10, 430,367
10, 430,367
10, 431,367
10, 431,368
10, 431,368
10, 431,368
10, 431,369
10, 431,368
10, 431,368
10, 431,368
10, 431,369
10, 431,369
10, 431,369
10, 431,369
10, 431,370
10, 431,370
10, 431,375
10, 431,375
10, 431,375
10, 431,376
10, 431,376
10, 431,376
10, 431,376
10, 431,376
10, 431,391
10, 431,393
10, 431,391
10, 431,394
10, 431,395
10, 431,395
10, 431,397
10, 431,397
10, 431,398
10, 431,399
10, 431,399
10, 431,401
10, 431,405
10, 431,411
10, 431,415
10, 431,411
10, 432,418
10, 432,445
10, 432,504
10, 432,524
10, 432,540
10, 431,559
10, 429,576
10, 428,584
10, 425,591
10, 421,599
10, 416,616
10, 413,641
10, 411,651
10, 409,661
10, 406,668
10, 403,675
10, 401,689
10, 400,713
10, 399,727
10, 397,736
10, 393,749
10, 390,764
10, 388,776
10, 385,785
10, 383,798
10, 381,806
10, 378,813
10, 376,818
10, 373,822
10, 370,825
10, 368,829
10, 366,831
10, 361,836
10, 357,842
10, 355,853
10, 354,859
10, 352,865
10, 350,870
10, 349,875
10, 348,881
10, 347,884
10, 346,888
10, 345,890
10, 344,895
10, 343,899
10, 342,901
10, 340,903
10, 339,905
10, 339,907
10, 339,907
10, 339,907
10, 339,907
10, 339,907
10, 339,907
10, 339,908
10, 339,908
10, 339,907
10, 339,908
10, 339,908
10, 339,908
10, 339,908
10, 339,908
10, 339,908
10, 339,908
10, 338,908
10, 338,908
10, 339,908
10, 338,908
10, 339,909
10, 338,908
10, 338,908
10, 339,909
10, 338,909
10, 338,909
10, 339,909
10, 338,909
10, 338,908
10, 338,909
10, 338,909
10, 338,909
10, 338,909
10, 338,908
10, 338,908
10, 338,909
10, 338,909
10, 338,909
10, 338,909
10, 338,908
10, 338,907
10, 338,904
10, 338,903
10, 338,901
10, 338,899
10, 338,897
10, 338,893
10, 338,888
10, 338,883
10, 339,877
10, 342,870
10, 346,861
10, 348,855
10, 350,847
10, 353,846
10, 356,843
10, 360,841
10, 363,835
10, 367,826
10, 369,820
10, 371,808
10, 373,798
10, 375,788
10, 377,777
10, 379,765
10, 381,755
10, 383,741
10, 384,726
10, 385,712
10, 388,691
10, 391,675
10, 395,667
10, 398,657
10, 400,648
10, 404,635
10, 408,600
10, 411,590
10, 414,586
10, 417,573
10, 422,554
10, 424,530
10, 426,516
10, 427,483
10, 428,431
10, 429,369
10, 430,371
10, 430,365
10, 431,363
10, 431,362
10, 431,362
10, 431,362
10, 431,362
10, 431,362
10, 431,363
10, 431,364
10, 431,364
10, 431,364
10, 431,364
10, 431,364
10, 431,364
10, 432,365
10, 432,365
10, 432,365
10, 431,366
10, 432,366
10, 431,366
10, 432,366
10, 431,367
10, 431,367
10, 432,367
10, 431,367
10, 432,367
10, 431,368
10, 431,368
10, 432,368
10, 431,369
10, 431,369
10, 431,369
10, 431,370
10, 432,370
10, 431,370
10, 432,371
10, 431,371
10, 431,371
10, 431,372
10, 431,372
10, 431,373
10, 432,374
10, 432,390
10, 432,416
10, 432,427
10, 433,494
10, 432,519
10, 432,538
10, 432,557
10, 430,573
10, 428,583
10, 425,590
10, 422,598
10, 417,606
10, 414,639
10, 412,650
10, 409,660
10, 406,667
10, 403,674
10, 401,688
10, 400,710
10, 399,727
10, 397,736
10, 394,745
10, 391,763
10, 388,776
10, 385,785
10, 383,797
10, 381,805
10, 378,813
10, 376,818
10, 374,822
10, 371,825
10, 368,829
10, 366,831
10, 362,835
10, 358,842
10, 356,852
10, 354,859
10, 352,865
10, 350,869
10, 349,874
10, 349,880
10, 347,884
10, 346,887
10, 345,890
10, 344,895
10, 343,898
10, 342,901
10, 340,902
10, 339,904
10, 339,906
10, 339,906
10, 339,907
10, 339,907
10, 339,907
10, 339,908
10, 339,907
10, 339,907
10, 339,908
10, 339,908
10, 339,908
10, 339,908
10, 339,908
10, 339,908
10, 339,908
10, 339,908
10, 339,908
10, 339,908
10, 339,908
10, 339,908
10, 339,908
10, 339,908
10, 339,908
10, 339,908
10, 339,908
10, 339,909
10, 339,908
10, 339,908
10, 339,908
10, 339,909
10, 339,909
10, 339,908
10, 339,909
10, 339,909
10, 339,909
10, 339,909
10, 339,909
10, 339,909
10, 339,909
10, 339,909
10, 339,909
10, 339,909
10, 338,909
10, 339,909
10, 339,909
10, 339,909
10, 339,909
10, 338,909
10, 339,909
10, 339,910
10, 339,910
10, 338,909
10, 339,909
10, 339,910
10, 339,909
10, 339,909
10, 339,910
10, 338,910
10, 338,909
10, 338,907
10, 338,906
10, 338,904
10, 338,902
10, 338,900
10, 338,898
10, 338,896
10, 338,890
10, 338,886
10, 338,880
10, 340,872
10, 344,866
10, 347,858
10, 349,848
10, 352,847
10, 355,843
10, 358,842
10, 362,837
10, 366,830
10, 368,822
10, 370,811
10, 372,800
10, 374,792
10, 376,781
10, 378,769
10, 381,759
10, 383,745
10, 384,727
10, 385,717
10, 387,701
10, 390,677
10, 393,670
10, 397,659
10, 400,652
10, 402,639
10, 406,626
10, 411,591
10, 413,586
10, 415,577
10, 420,558
10, 423,540
10, 426,519
10, 427,494
10, 428,392
10, 429,371
10, 431,359
10, 431,356
10, 432,353
10, 432,351
10, 432,350
10, 432,350
10, 432,350
10, 433,350
10, 433,350
10, 433,350
10, 433,350
10, 433,351
10, 432,351
10, 433,352
10, 433,352
10, 433,352
10, 433,353
10, 433,353
10, 433,354
10, 433,354
10, 433,354
10, 433,355
10, 433,355
10, 433,356
10, 433,356
10, 433,357
10, 433,358
10, 433,358
10, 433,358
10, 433,359
10, 433,359
10, 433,359
10, 433,360
10, 433,360
10, 433,360
10, 433,360
10, 433,360
10, 433,360
10, 433,360
10, 433,360
10, 433,361
10, 433,361
10, 433,361
10, 433,361
10, 433,362
10, 433,361
10, 433,362
10, 433,362
10, 433,362
10, 433,362
10, 433,362
10, 433,362
10, 433,363
10, 433,363
10, 433,364
10, 433,364
10, 433,364
10, 433,364
10, 433,364
10, 433,365
10, 433,366
10, 434,371
10, 434,413
10, 434,429
10, 434,506
10, 434,529
10, 433,549
10, 432,565
10, 430,581
10, 427,587
10, 424,594
10, 420,602
10, 415,630
10, 412,644
10, 410,655
10, 407,664
10, 405,670
10, 402,682
10, 401,694
10, 400,720
10, 398,730
10, 395,738
10, 392,756
10, 389,768
10, 386,780
10, 384,792
10, 382,801
10, 380,809
10, 378,815
10, 375,820
10, 373,823
10, 370,826
10, 368,829
10, 365,832
10, 361,837
10, 358,844
10, 356,855
10, 354,860
10, 352,866
10, 350,871
10, 349,876
10, 348,881
10, 347,884
10, 346,888
10, 345,890
10, 344,896
10, 343,899
10, 341,901
10, 340,903
10, 339,905
10, 338,906
10, 338,907
10, 338,907
10, 338,908
10, 338,908
10, 338,908
10, 338,908
10, 338,908
10, 338,908
10, 338,907
10, 338,908
10, 338,908
10, 338,908
10, 338,908
10, 338,908
10, 338,910
10, 338,909
10, 338,909
10, 338,908
10, 338,909
10, 338,909
10, 338,908
10, 338,909
10, 338,909
10, 338,909
10, 338,909
10, 338,909
10, 338,909
10, 338,910
10, 338,910
10, 338,909
10, 338,910
10, 338,910
10, 338,910
10, 338,910
10, 338,910
10, 338,909
10, 338,910
10, 338,910
10, 338,910
10, 338,909
10, 338,910
10, 338,910
10, 338,910
10, 338,910
10, 338,910
10, 338,910
10, 338,910
10, 338,910
10, 338,910
10, 338,910
10, 338,910
10, 338,910
10, 338,910
10, 338,910
10, 338,910
10, 338,910
10, 338,910
10, 338,910
10, 338,910
10, 338,910
10, 338,910
10, 338,910
10, 337,910
10, 337,909
10, 338,908
10, 338,905
10, 337,903
10, 338,901
10, 338,899
10, 337,896
10, 337,892
10, 338,886
10, 338,881
10, 340,875
10, 344,866
10, 347,858
10, 349,851
10, 351,847
10, 354,844
10, 358,842
10, 362,838
10, 365,832
10, 368,823
10, 370,814
10, 372,801
10, 373,794
10, 375,783
10, 378,771
10, 380,761
10, 382,746
10, 383,729
10, 384,719
10, 386,703
10, 389,678
10, 393,671
10, 396,659
10, 399,653
10, 402,641
10, 406,629
10, 410,593
10, 412,587
10, 415,578
10, 419,559
10, 423,542
10, 425,522
10, 427,501
10, 428,419
10, 429,366
10, 430,360
10, 431,356
10, 432,353
10, 432,351
10, 432,350
10, 432,351
10, 432,351
10, 432,351
10, 432,351
10, 432,352
10, 432,352
10, 432,353
10, 432,353
10, 432,353
10, 432,353
10, 432,353
10, 432,354
10, 432,354
10, 432,355
10, 432,356
10, 432,357
10, 432,357
10, 432,357
10, 432,357
10, 432,358
10, 432,358
10, 432,359
10, 432,359
10, 432,359
10, 432,359
10, 432,360
10, 432,360
10, 432,360
10, 432,360
10, 432,361
10, 432,361
10, 432,361
10, 432,361
10, 432,361
10, 432,361
10, 432,361
10, 432,362
10, 432,362
10, 432,363
10, 432,362
10, 432,362
10, 432,363
10, 432,363
10, 432,363
10, 432,363
10, 432,363
10, 432,364
10, 432,364
10, 432,364
10, 432,364
10, 432,364
10, 432,364
10, 432,365
10, 432,365
10, 432,365
10, 432,365
10, 432,366
10, 433,366
10, 433,371
10, 434,408
10, 434,424
10, 434,502
10, 434,525
10, 433,545
10, 432,562
10, 430,578
10, 428,586
10, 424,592
10, 421,600
10, 416,623
10, 413,643
10, 411,653
10, 408,663
10, 405,669
10, 403,679
10, 401,692
10, 400,718
10, 398,728
10, 396,737
10, 393,752
10, 389,766
10, 387,778
10, 384,789
10, 383,799
10, 380,808
10, 378,815
10, 375,819
10, 373,823
10, 370,826
10, 367,829
10, 365,832
10, 360,836
10, 357,844
10, 355,854
10, 354,860
10, 351,866
10, 350,871
10, 349,877
10, 348,881
10, 347,885
10, 346,889
10, 345,891
10, 344,896
10, 343,900
10, 341,901
10, 340,903
10, 339,906
10, 339,907
10, 338,908
10, 338,908
10, 338,908
10, 338,908
10, 338,908
10, 338,908
10, 338,908
10, 338,909
10, 338,908
10, 338,909
10, 338,909
10, 338,909
10, 338,909
10, 338,909
10, 338,909
10, 338,910
10, 338,909
10, 338,909
10, 338,909
10, 338,910
10, 338,909
10, 338,910
10, 338,910
10, 338,909
10, 338,910
10, 338,910
10, 338,910
10, 338,910
10, 338,910
10, 338,910
10, 338,910
10, 338,910
10, 338,910
10, 338,910
10, 338,910
10, 337,909
10, 338,910
10, 338,910
10, 338,910
10, 338,910
10, 338,910
10, 338,910
10, 337,909
10, 338,910
10, 338,910
10, 338,910
10, 337,910
10, 337,910
10, 337,909
10, 337,907
10, 337,905
10, 337,903
10, 338,901
10, 337,898
10, 337,896
10, 337,890
10, 338,886
10, 338,881
10, 340,873
10, 344,866
10, 347,858
10, 349,851
10, 351,847
10, 354,844
10, 358,842
10, 362,838
10, 365,832
10, 368,823
10, 370,815
10, 372,801
10, 373,793
10, 375,783
10, 378,771
10, 380,761
10, 382,747
10, 383,728
10, 384,718
10, 387,704
10, 390,678
10, 393,671
10, 396,659
10, 399,653
10, 402,641
10, 406,628
10, 410,593
10, 413,587
10, 415,578
10, 419,560
10, 423,542
10, 426,523
10, 427,503
10, 428,421
10, 429,367
10, 430,359
10, 431,356
10, 432,353
10, 432,351
10, 432,351
10, 432,351
10, 432,351
10, 432,351
10, 432,351
10, 433,352
10, 432,352
10, 433,352
10, 432,353
10, 432,353
10, 432,353
10, 432,353
10, 432,354
10, 433,354
10, 432,355
10, 432,355
10, 432,356
10, 432,356
10, 432,357
10, 432,358
10, 433,358
10, 432,358
10, 432,359
10, 433,359
10, 432,360
10, 432,360
10, 432,360
10, 433,360
10, 432,360
10, 432,360
10, 432,361
10, 432,361
10, 432,361
10, 432,361
10, 432,361
10, 432,361
10, 432,362
10, 432,362
10, 433,362
10, 432,362
10, 432,362
10, 433,362
10, 433,362
10, 432,362
10, 432,363
10, 432,363
10, 432,363
10, 433,363
10, 432,363
10, 432,364
10, 432,364
10, 433,365
10, 433,367
10, 434,384
10, 434,412
10, 434,440
10, 434,509
10, 434,529
10, 433,550
10, 432,566
10, 430,581
10, 427,587
10, 424,594
10, 420,602
10, 415,632
10, 412,646
10, 410,656
10, 407,664
10, 404,671
10, 402,684
10, 400,701
10, 399,722
10, 397,733
10, 394,740
10, 391,759
10, 388,772
10, 386,782
10, 383,794
10, 382,803
10, 379,812
10, 376,817
10, 374,821
10, 372,824
10, 368,827
10, 366,830
10, 363,832
10, 358,839
10, 356,848
10, 355,857
10, 353,863
10, 350,868
10, 349,873
10, 348,879
10, 348,883
10, 347,887
10, 345,889
10, 345,894
10, 344,897
10, 342,900
10, 341,902
10, 340,904
10, 338,907
10, 338,908
10, 338,908
10, 338,908
10, 338,908
10, 338,909
10, 337,909
10, 337,909
10, 337,909
10, 337,909
10, 338,909
10, 337,910
10, 337,909
10, 337,909
10, 337,910
10, 337,910
10, 337,910
10, 337,910
10, 338,910
10, 337,910
10, 337,910
10, 337,910
10, 337,910
10, 337,910
10, 337,910
10, 337,910
10, 337,910
10, 337,910
10, 338,910
10, 337,910
10, 337,911
10, 337,910
10, 337,910
10, 337,910
10, 337,910
10, 337,910
10, 337,910
10, 337,911
10, 337,911
10, 337,910
10, 337,911
10, 337,910
10, 337,911
10, 337,910
10, 337,911
10, 337,911
10, 337,911
10, 337,911
10, 337,911
10, 337,911
10, 337,911
10, 337,910
10, 337,910
10, 337,909
10, 337,907
10, 337,904
10, 337,902
10, 337,900
10, 337,898
10, 337,894
10, 337,889
10, 337,885
10, 338,879
10, 342,871
10, 346,861
10, 348,856
10, 350,847
10, 353,846
10, 356,842
10, 360,840
10, 363,835
10, 367,825
10, 369,819
10, 371,807
10, 373,797
10, 375,787
10, 377,774
10, 379,764
10, 382,751
10, 383,739
10, 384,724
10, 386,709
10, 389,688
10, 392,673
10, 395,662
10, 398,656
10, 401,644
10, 405,633
10, 409,595
10, 412,588
10, 414,582
10, 418,568
10, 422,546
10, 425,527
10, 427,509
10, 428,446
10, 429,388
10, 429,364
10, 430,360
10, 431,358
10, 431,357
10, 432,356
10, 432,356
10, 432,355
10, 432,356
10, 432,357
10, 432,357
10, 432,358
10, 432,358
10, 432,359
10, 432,359
10, 432,360
10, 432,360
10, 432,361
10, 432,361
10, 432,361
10, 432,361
10, 432,361
10, 432,362
10, 432,362
10, 432,362
10, 432,362
10, 432,362
10, 432,363
10, 432,362
10, 432,363
10, 432,363
10, 432,364
10, 432,363
10, 432,364
10, 432,364
10, 432,364
10, 432,364
10, 432,365
10, 432,365
10, 432,365
10, 432,365
10, 432,366
10, 432,366
10, 432,366
10, 432,367
10, 432,367
10, 432,368
10, 432,368
10, 432,368
10, 432,369
10, 432,369
10, 432,369
10, 432,369
10, 432,369
10, 432,369
10, 432,370
10, 432,370
10, 432,370
10, 432,370
10, 432,370
10, 432,371
10, 432,371
10, 432,371
10, 432,371
10, 432,371
10, 432,371
10, 432,371
10, 432,372
10, 432,372
10, 432,372
10, 432,372
10, 432,373
10, 432,373
10, 432,373
10, 432,373
10, 432,373
10, 432,373
10, 432,374
10, 432,374
10, 432,373
10, 432,374
10, 432,380
10, 432,380
10, 432,382
10, 432,382
10, 432,391
10, 432,393
10, 432,404
10, 432,410
10, 433,422
10, 433,464
10, 433,514
10, 433,533
10, 432,554
10, 431,568
10, 429,583
10, 427,589
10, 424,596
10, 420,603
10, 415,634
10, 412,647
10, 410,657
10, 407,665
10, 404,672
10, 402,686
10, 400,703
10, 399,723
10, 397,734
10, 394,741
10, 391,761
10, 388,773
10, 386,783
10, 383,795
10, 382,803
10, 379,812
10, 376,817
10, 374,821
10, 372,824
10, 368,827
10, 366,830
10, 362,832
10, 359,839
10, 356,848
10, 354,858
10, 352,864
10, 350,867
10, 349,873
10, 348,879
10, 348,883
10, 346,887
10, 345,889
10, 344,894
10, 344,898
10, 342,900
10, 341,902
10, 340,904
10, 339,907
10, 338,908
10, 338,908
10, 338,908
10, 338,908
10, 338,909
10, 338,909
10, 338,909
10, 337,909
10, 337,909
10, 338,909
10, 337,909
10, 337,909
10, 337,909
10, 337,910
10, 337,909
10, 338,909
10, 337,910
10, 337,910
10, 337,909
10, 338,910
10, 338,910
10, 337,910
10, 337,910
10, 337,910
10, 337,910
10, 337,910
10, 337,910
10, 337,910
10, 337,910
10, 337,910
10, 337,910
10, 337,910
10, 337,911
10, 338,910
10, 337,910
10, 338,911
10, 337,911
10, 337,911
10, 337,911
10, 337,910
10, 338,910
10, 337,911
10, 337,911
10, 337,911
10, 337,911
10, 337,911
10, 337,911
10, 337,911
10, 337,911
10, 338,911
10, 337,911
10, 338,911
10, 337,911
10, 337,911
10, 337,910
10, 337,910
10, 337,909
10, 337,907
10, 337,905
10, 337,901
10, 337,900
10, 337,897
10, 337,893
10, 337,889
10, 337,884
10, 338,878
10, 342,870
10, 346,861
10, 348,855
10, 350,846
10, 353,845
10, 357,843
10, 360,840
10, 364,835
10, 367,825
10, 369,819
10, 371,807
10, 373,797
10, 375,787
10, 377,774
10, 379,764
10, 382,749
10, 383,739
10, 384,724
10, 386,709
10, 389,686
10, 392,673
10, 395,662
10, 398,655
10, 401,644
10, 405,632
10, 409,595
10, 412,588
10, 414,582
10, 418,567
10, 422,547
10, 425,527
10, 427,510
10, 428,447
10, 429,400
10, 429,365
10, 430,360
10, 431,359
10, 431,358
10, 432,357
10, 432,358
10, 432,357
10, 432,358
10, 432,359
10, 432,359
10, 432,359
10, 432,360
10, 432,361
10, 432,361
10, 432,361
10, 432,362
10, 432,362
10, 432,362
10, 432,362
10, 432,363
10, 432,363
10, 432,363
10, 432,363
10, 432,363
10, 432,363
10, 432,364
10, 432,364
10, 432,364
10, 432,364
10, 432,364
10, 432,365
10, 432,365
10, 432,365
10, 432,365
10, 432,366
10, 432,366
10, 432,367
10, 432,367
10, 432,368
10, 432,368
10, 432,368
10, 432,368
10, 432,368
10, 432,369
10, 432,368
10, 432,369
10, 432,369
10, 432,369
10, 432,369
10, 432,369
10, 432,370
10, 432,370
10, 432,370
10, 432,370
10, 432,371
10, 432,371
10, 432,371
10, 432,372
10, 432,372
10, 432,372
10, 432,372
10, 432,373
10, 432,385
10, 432,387
10, 432,389
10, 432,392
10, 432,393
10, 432,393
10, 432,394
10, 432,393
10, 432,394
10, 432,399
10, 432,407
10, 433,430
10, 433,496
10, 433,521
10, 433,541
10, 432,558
10, 430,574
10, 428,585
10, 425,591
10, 422,599
10, 417,608
10, 414,640
10, 411,650
10, 409,660
10, 406,667
10, 403,674
10, 401,688
10, 400,713
10, 399,727
10, 396,736
10, 393,744
10, 390,764
10, 388,776
10, 385,786
10, 383,798
10, 381,805
10, 378,813
10, 376,818
10, 373,822
10, 371,825
10, 368,829
10, 365,831
10, 361,834
10, 357,843
10, 356,852
10, 353,859
10, 352,866
10, 350,870
10, 349,874
10, 348,881
10, 347,885
10, 346,888
10, 345,890
10, 344,896
10, 343,899
10, 342,901
10, 340,903
10, 339,906
10, 339,907
10, 339,907
10, 338,908
10, 338,908
10, 338,908
10, 339,908
10, 338,908
10, 338,908
10, 338,908
10, 338,908
10, 338,908
10, 338,909
10, 338,908
10, 338,908
10, 338,909
10, 338,909
10, 338,909
10, 338,909
10, 338,909
10, 338,909
10, 338,909
10, 338,909
10, 338,910
10, 338,909
10, 338,910
10, 338,910
10, 338,910
10, 338,910
10, 338,910
10, 338,910
10, 338,910
10, 338,910
10, 338,910
10, 338,910
10, 338,910
10, 338,910
10, 338,909
10, 338,910
10, 338,909
10, 338,910
10, 338,910
10, 338,910
10, 338,910
10, 338,910
10, 338,910
10, 338,910
10, 338,910
10, 338,910
10, 338,910
10, 338,910
10, 338,910
10, 338,910
10, 338,910
10, 338,910
10, 338,910
10, 338,911
10, 338,910
10, 338,910
10, 338,909
10, 337,907
10, 338,905
10, 338,903
10, 337,901
10, 337,898
10, 338,896
10, 338,891
10, 338,886
10, 338,881
10, 340,875
10, 344,866
10, 347,859
10, 349,851
10, 351,847
10, 354,844
10, 358,842
10, 362,838
10, 365,831
10, 368,823
10, 370,814
10, 372,801
10, 373,793
10, 375,783
10, 378,770
10, 380,760
10, 382,747
10, 383,728
10, 384,717
10, 387,703
10, 390,677
10, 393,670
10, 396,659
10, 399,652
10, 402,639
10, 406,625
10, 410,591
10, 413,586
10, 415,576
10, 420,558
10, 423,540
10, 426,519
10, 427,493
10, 428,419
10, 430,364
10, 431,357
10, 431,354
10, 432,350
10, 432,350
10, 432,349
10, 432,349
10, 433,348
10, 433,349
10, 433,349
10, 432,350
10, 433,350
10, 433,351
10, 433,352
10, 433,352
10, 433,353
10, 433,353
10, 433,354
10, 433,354
10, 433,354
10, 433,354
10, 433,355
10, 433,355
10, 433,355
10, 433,356
10, 433,356
10, 433,356
10, 433,356
10, 433,356
10, 433,356
10, 433,357
10, 433,357
10, 433,358
10, 433,358
10, 433,358
10, 433,359
10, 433,359
10, 433,359
10, 433,360
10, 433,360
10, 433,360
10, 433,360
10, 433,361
10, 433,361
10, 433,362
10, 433,361
10, 433,361
10, 433,361
10, 433,361
10, 433,362
10, 433,362
10, 433,362
10, 433,362
10, 433,362
10, 433,362
10, 433,363
10, 433,362
10, 433,363
10, 433,363
10, 433,363
10, 433,363
10, 433,363
10, 433,364
10, 433,364
10, 433,364
10, 433,364
10, 433,365
10, 433,365
10, 433,365
10, 433,365
10, 433,365
10, 433,366
10, 433,366
10, 433,366
10, 433,366
10, 433,366
10, 433,366
10, 433,366
10, 433,366
10, 433,367
10, 433,367
10, 433,367
10, 433,367
10, 433,367
10, 433,367
10, 433,367
10, 433,368
10, 433,368
10, 433,368
10, 433,368
10, 433,368
10, 433,368
10, 433,368
10, 433,369
10, 433,369
10, 433,368
10, 433,369
10, 433,369
10, 433,370
10, 433,371
10, 434,399
10, 434,418
10, 434,440
10, 434,509
10, 434,529
10, 433,552
10, 432,566
10, 430,581
10, 428,588
10, 424,595
10, 421,602
10, 415,629
10, 412,645
10, 411,655
10, 407,664
10, 405,671
10, 402,683
10, 401,697
10, 399,721
10, 398,731
10, 395,740
10, 392,756
10, 389,768
10, 387,781
10, 384,792
10, 382,802
10, 380,810
10, 377,815
10, 374,820
10, 372,823
10, 369,826
10, 367,829
10, 364,832
10, 359,836
10, 356,845
10, 355,856
10, 353,862
10, 351,867
10, 350,872
10, 349,878
10, 348,882
10, 347,886
10, 346,889
10, 345,892
10, 344,897
10, 343,900
10, 341,902
10, 340,904
10, 339,907
10, 339,907
10, 338,908
10, 338,908
10, 338,908
10, 338,908
10, 338,908
10, 338,908
10, 338,909
10, 338,909
10, 338,909
10, 338,909
10, 338,908
10, 338,909
10, 338,909
10, 338,909
10, 338,909
10, 338,909
10, 338,910
10, 338,909
10, 338,910
10, 338,910
10, 338,910
10, 338,910
10, 338,909
10, 338,910
10, 338,910
10, 338,910
10, 338,910
10, 338,910
10, 338,910
10, 338,910
10, 338,910
10, 338,910
10, 338,910
10, 338,910
10, 338,910
10, 338,910
10, 338,910
10, 338,910
10, 338,910
10, 338,910
10, 338,910
10, 338,910
10, 338,910
10, 338,911
10, 338,911
10, 338,910
10, 338,911
10, 338,910
10, 338,910
10, 338,910
10, 338,911
10, 338,910
10, 338,910
10, 338,910
10, 338,911
10, 338,911
10, 338,910
10, 338,910
10, 338,911
10, 337,911
10, 338,911
10, 338,911
10, 338,911
10, 338,911
10, 338,911
10, 338,911
10, 338,911
10, 338,911
10, 338,911
10, 338,911
10, 338,911
10, 338,911
10, 338,911
10, 338,911
10, 338,911
10, 338,911
10, 338,910
10, 338,911
10, 338,911
10, 338,911
10, 338,911
10, 338,911
10, 338,911
10, 338,911
10, 337,911
10, 338,911
10, 338,910
10, 338,911
10, 338,911
10, 338,910
10, 338,911
10, 338,911
10, 338,911
10, 338,911
10, 338,911
10, 338,910
10, 338,910
10, 338,911
10, 338,911
10, 338,910
10, 337,909
10, 337,909
10, 337,906
10, 337,903
10, 337,901
10, 337,899
10, 337,896
10, 337,892
10, 338,887
10, 338,881
10, 340,875
10, 344,865
10, 347,858
10, 349,848
10, 352,847
10, 355,843
10, 358,841
10, 362,837
10, 365,831
10, 368,822
10, 370,810
10, 372,799
10, 373,790
10, 375,779
10, 378,767
10, 380,757
10, 382,744
10, 384,725
10, 385,711
10, 387,697
10, 390,676
10, 393,668
10, 397,658
10, 400,650
10, 403,637
10, 407,620
10, 411,588
10, 413,582
10, 416,572
10, 420,551
10, 424,535
10, 426,511
10, 428,481
10, 428,364
10, 430,358
10, 431,348
10, 432,345
10, 432,343
10, 432,341
10, 433,340
10, 433,340
10, 433,339
10, 433,339
10, 433,340
10, 433,340
10, 433,341
10, 433,341
10, 433,342
10, 433,342
10, 434,342
10, 433,343
10, 433,343
10, 433,344
10, 433,344
10, 433,345
10, 433,345
10, 433,346
10, 433,346
10, 433,347
10, 433,347
10, 433,347
10, 433,348
10, 433,349
10, 433,349
10, 433,349
10, 433,349
10, 433,350
10, 433,350
10, 433,351
10, 433,351
10, 433,351
10, 433,352
10, 433,352
10, 433,352
10, 433,352
10, 433,352
10, 433,353
10, 433,353
10, 433,353
10, 433,353
10, 433,354
10, 433,354
10, 433,354
10, 433,354
10, 433,354
10, 433,354
10, 433,355
10, 433,355
10, 433,355
10, 433,355
10, 433,355
10, 433,355
10, 433,356
10, 433,356
10, 433,356
10, 433,356
10, 433,355
10, 433,356
10, 433,356
10, 433,356
10, 433,356
10, 433,356
10, 433,357
10, 433,357
10, 433,357
10, 433,357
10, 433,357
10, 433,355
10, 434,337
10, 436,318
10, 439,300
10, 441,201
10, 444,169
10, 446,0
10, 447,0
10, 448,0
10, 448,0
10, 448,0
10, 448,0
10, 450,0
10, 451,0
10, 452,0
10, 452,0
10, 452,0
10, 452,0
10, 452,0
10, 452,0
10, 452,0
10, 454,0
10, 457,0
10, 458,0
10, 460,0
10, 461,0
10, 463,0
10, 464,0
10, 466,0
10, 468,0
10, 470,0
10, 472,0
10, 475,0
10, 477,0
10, 481,0
10, 484,0
10, 486,0
10, 488,0
10, 490,0
10, 494,0
10, 497,0
10, 499,0
10, 501,0
10, 504,0
10, 507,0
10, 510,0
10, 512,0
10, 514,0
10, 516,0
10, 518,0
10, 520,0
10, 523,0
10, 525,0
10, 527,0
10, 529,0
10, 530,0
10, 533,0
10, 537,0
10, 539,0
10, 541,0
10, 542,0
10, 545,0
10, 548,0
10, 550,0
10, 554,0
10, 557,0
10, 560,0
10, 562,0
10, 566,0
10, 571,0
10, 575,0
10, 579,0
10, 582,0
10, 583,0
10, 586,0
10, 588,0
10, 590,0
10, 591,0
10, 592,0
10, 594,0
10, 597,0
10, 600,0
10, 604,0
10, 607,0
10, 609,0
10, 611,0
10, 612,0
10, 614,0
10, 617,0
10, 620,0
10, 622,0
10, 625,0
10, 628,0
10, 632,0
10, 634,0
10, 638,0
10, 641,0
10, 645,0
10, 648,0
10, 651,0
10, 653,0
10, 656,0
10, 659,0
10, 661,0
10, 662,0
10, 663,0
10, 665,0
10, 668,0
10, 670,0
10, 673,0
10, 675,0
10, 677,0
10, 679,0
10, 681,0
10, 683,0
10, 686,0
10, 690,0
10, 692,0
10, 695,0
10, 698,0
10, 702,0
10, 706,0
10, 709,0
10, 713,0
10, 716,0
10, 719,0
10, 722,0
10, 725,0
10, 727,0
10, 728,0
10, 729,0
10, 730,0
10, 732,0
10, 734,0
10, 737,0
10, 740,0
10, 742,0
10, 745,0
10, 747,0
10, 749,0
10, 751,0
10, 753,0
10, 755,0
10, 759,0
10, 762,0
10, 764,0
10, 767,0
10, 770,0
10, 774,0
10, 776,0
10, 779,0
10, 782,0
10, 784,0
10, 787,0
10, 789,0
10, 791,0
10, 795,0
10, 797,0
10, 799,0
10, 801,0
10, 804,0
10, 805,0
10, 808,0
10, 810,0
10, 811,0
10, 815,0
10, 818,0
10, 820,0
10, 822,0
10, 825,0
10, 827,0
10, 829,0
10, 832,0
10, 835,0
10, 838,0
10, 840,0
10, 843,0
10, 845,0
10, 847,0
10, 850,0
10, 854,0
10, 857,0
10, 860,0
10, 863,0
10, 864,0
10, 866,0
10, 867,0
10, 869,0
10, 871,0
10, 873,0
10, 875,0
10, 875,0
10, 880,0
10, 883,0
10, 886,0
10, 887,0
10, 890,0
10, 894,0
10, 896,0
10, 899,0
10, 900,0
10, 902,0
10, 904,0
10, 908,0
10, 912,0
10, 916,0
10, 917,0
10, 919,0
10, 921,0
10, 922,0
10, 924,0
10, 926,0
10, 929,0
10, 930,0
10, 930,0
10, 931,0
10, 931,0
10, 933,0
10, 932,0
10, 932,0
10, 932,0
10, 932,0
10, 932,0
10, 932,0
10, 932,0
10, 932,0
10, 932,0
10, 933,0
10, 932,0
10, 932,0
10, 932,0
10, 933,0
10, 932,0
10, 932,0
10, 932,0
10, 932,0
10, 933,0
10, 932,0
10, 932,0
10, 932,0
10, 933,0
10, 932,0
10, 932,0
10, 932,0
10, 932,0
10, 932,0
10, 932,0
10, 932,0
10, 932,0
10, 932,0
10, 933,0
10, 932,0
10, 932,0
10, 932,0
10, 932,0
10, 932,0
10, 932,0
10, 932,0
10, 932,0
10, 933,0
10, 932,0
10, 932,0
10, 932,0
10, 932,0
10, 933,0
10, 932,0
10, 933,0
10, 932,0
10, 933,0
