ì1,323,935
2,323,935
3,323,936
4,322,935
5,322,935
6,323,935
7,322,935
8,322,935
9,323,935
10,323,935
11,323,935
12,323,936
13,323,935
14,322,935
15,322,935
16,323,936
17,322,935
18,323,935
19,323,935
20,323,935
21,323,935
22,322,936
23,322,936
24,322,936
25,323,935
26,323,935
27,323,935
28,323,935
29,323,935
30,322,935
31,322,935
32,323,935
33,323,935
34,322,935
35,323,935
36,323,935
37,322,935
38,323,935
39,323,935
40,323,935
41,323,935
42,323,935
43,323,935
44,322,935
45,323,935
46,322,935
47,323,935
48,322,935
49,322,935
50,323,935
51,322,934
52,322,935
53,323,934
54,322,935
55,323,936
56,322,935
57,323,935
58,322,934
59,323,935
60,323,935
61,322,935
62,323,935
63,323,935
64,323,935
65,322,935
66,323,935
67,323,935
68,322,934
69,322,936
70,323,934
71,323,935
72,322,935
73,323,935
74,323,935
75,322,935
76,323,936
77,323,934
78,323,935
79,322,935
80,322,935
81,323,935
82,322,935
83,323,935
84,322,935
85,323,935
86,322,935
87,323,935
88,323,935
89,323,936
90,323,935
91,322,935
92,323,935
93,322,935
94,323,935
95,322,935
96,323,936
97,323,935
98,323,936
99,323,935
100,322,935
101,323,935
102,323,936
103,323,935
104,323,936
105,322,935
106,322,935
107,322,935
108,323,936
109,322,936
110,323,935
111,323,935
112,322,935
113,323,935
114,323,935
115,323,935
116,322,935
117,323,935
118,324,937
119,322,936
120,323,935
121,323,936
122,323,935
123,323,935
124,323,935
125,323,935
126,322,935
127,322,935
128,323,935
129,323,935
130,323,935
131,323,935
132,323,935
133,323,935
134,322,935
135,322,935
136,322,935
137,322,935
138,322,936
139,323,935
140,323,935
141,322,935
142,323,935
143,323,936
144,323,936
145,323,936
146,323,935
147,322,935
148,322,935
149,323,935
150,323,935
151,323,935
152,323,936
153,323,935
154,322,935
155,322,935
156,323,935
157,323,935
158,323,935
159,322,935
160,323,935
161,323,935
162,322,935
163,323,935
164,323,935
165,323,935
166,322,935
167,322,936
168,322,932
169,323,935
170,323,935
171,323,935
172,322,934
173,323,935
174,323,935
175,323,936
176,323,935
177,323,935
178,323,934
179,322,934
180,323,935
181,322,936
182,323,935
183,322,935
184,322,935
185,323,935
186,323,935
187,323,935
188,323,936
189,323,935
190,323,935
191,322,935
192,323,935
193,323,935
194,323,935
195,323,936
196,323,935
197,323,935
198,322,935
199,323,935
200,323,935
201,322,935
202,323,935
203,323,935
204,322,936
205,322,936
206,323,935
207,322,935
208,323,935
209,321,935
210,322,935
211,323,935
212,322,935
213,323,935
214,323,935
215,322,935
216,323,935
217,322,936
218,323,936
219,322,935
220,323,936
221,323,935
222,323,935
223,323,935
224,323,936
225,322,935
226,322,935
227,323,935
228,323,935
229,322,934
230,322,935
231,323,936
232,323,935
233,323,935
234,322,935
235,323,935
236,323,935
237,322,935
238,323,936
239,323,935
240,323,935
241,323,935
242,323,935
243,323,936
244,323,935
245,322,935
246,323,935
247,322,935
248,323,935
249,323,935
250,322,935
251,323,935
252,322,935
253,322,935
254,322,935
255,323,936
256,323,935
257,323,935
258,323,935
259,323,937
260,323,935
261,323,935
262,322,935
263,322,935
264,323,935
265,322,934
266,323,936
267,323,936
268,323,935
269,323,935
270,322,935
271,323,935
272,322,934
273,323,935
274,323,935
275,323,935
276,322,935
277,323,935
278,323,935
279,323,935
280,322,936
281,323,936
282,323,935
283,323,935
284,324,938
285,322,935
286,323,935
287,323,936
288,322,935
289,323,935
290,322,935
291,323,935
292,323,935
293,323,935
294,323,936
295,322,935
296,322,935
297,323,935
298,322,935
299,323,935
300,323,935
301,322,935
302,323,935
303,323,935
304,323,935
305,323,935
306,323,935
307,323,935
308,322,935
309,323,937
310,323,935
311,322,935
312,323,935
313,322,935
314,323,936
315,322,935
316,323,935
317,323,935
318,322,935
319,323,935
320,323,935
321,323,935
322,323,936
323,323,935
324,323,935
325,322,935
326,323,935
327,323,935
328,322,935
329,322,935
330,322,935
331,323,935
332,323,935
333,323,935
334,322,934
335,323,935
336,322,935
337,323,935
338,323,935
339,322,935
340,322,935
341,323,936
342,323,935
343,322,935
344,322,935
345,323,935
346,323,935
347,323,935
348,322,936
349,323,935
350,323,935
351,322,935
352,323,935
353,323,935
354,323,935
355,323,935
356,323,936
357,323,935
358,322,935
359,322,934
360,323,935
361,323,935
362,323,935
363,323,935
364,322,935
365,323,936
366,323,935
367,323,935
368,322,935
369,322,935
370,323,935
371,323,935
372,323,935
373,23,935
437,322,935
438,323,935
439,322,935
440,323,935
441,323,935
442,322,935
443,322,935
444,322,935
445,322,935
446,322,936
447,323,935
448,323,935
449,322,935
450,324,938
451,323,936
452,322,935
453,323,935
454,322,934
455,322,935
456,323,936
457,323,935
458,323,935
459,322,935
460,323,935
461,322,935
462,322,935
463,323,936
464,323,935
465,323,935
466,322,935
467,323,935
468,323,935
469,323,935
470,323,936
471,323,935
472,323,935
473,322,935
474,322,935
475,322,933
476,323,935
477,323,935
478,323,935
479,322,936
480,322,935
481,323,935
482,323,936
483,323,935
484,323,935
485,322,936
486,323,935
487,322,935
488,323,935
489,322,935
490,323,934
491,322,935
492,323,935
493,323,935
494,323,935
495,323,935
496,323,935
497,323,935
498,322,935
499,322,936
500,322,933
501,323,936
502,323,935
503,323,935
504,323,935
505,323,935
506,323,935
507,323,935
508,322,935
509,323,935
510,323,935
511,323,935
512,323,935
513,322,935
514,323,935
515,322,935
516,323,935
517,323,935
518,323,935
519,323,935
520,323,935
521,323,935
522,322,935
523,322,935
524,322,935
525,323,936
526,323,935
527,322,935
528,323,935
529,323,935
530,323,935
531,322,936
532,323,935
533,323,935
534,322,934
535,322,935
536,323,935
537,323,935
538,323,935
539,322,935
540,322,936
541,322,935
542,323,935
543,322,935
544,322,935
545,322,935
546,322,935
547,322,936
548,323,935
549,322,935
550,323,936
551,323,935
552,322,935
553,323,935
554,323,935
555,323,935
556,323,935
557,323,936
558,322,935
559,323,935
560,323,935
561,322,935
562,322,935
563,323,935
564,323,935
565,323,936
566,323,935
567,323,935
568,322,935
569,323,935
570,323,935
571,323,935
572,323,935
573,322,935
574,323,935
575,323,935
576,323,935
577,323,935
578,323,935
579,323,936
580,323,935
581,323,935
582,322,935
583,322,936
584,322,934
585,323,935
586,323,935
587,323,935
588,323,935
589,322,935
590,323,935
591,323,937
592,323,935
593,323,935
594,323,935
595,323,935
596,322,935
597,323,935
598,322,936
599,323,935
600,322,935
601,323,935
602,323,935
603,322,935
604,323,935
605,322,936
606,323,935
607,323,935
608,322,935
609,322,935
610,322,935
611,323,935
612,323,936
613,323,935
614,323,935
615,322,934
616,323,934
617,323,936
618,322,935
619,323,935
620,323,935
621,323,935
622,322,935
623,323,935
624,323,935
625,323,935
626,323,935
627,323,936
628,322,935
629,323,935
630,323,935
631,323,935
632,323,935
633,322,935
634,322,935
635,323,935
636,323,936
637,323,935
638,323,935
639,322,935
640,322,935
641,322,933
642,323,934
643,323,934
644,323,935
645,323,935
646,322,935
647,323,935
648,323,935
649,323,935
650,322,935
651,322,935
652,322,935
653,322,935
654,322,935
655,323,935
656,322,934
657,323,935
658,323,934
659,323,935
660,323,936
661,323,935
662,323,935
663,323,936
664,323,935
665,322,935
666,323,933
667,322,935
668,322,935
669,322,935
670,323,936
671,323,935
672,322,935
673,323,935
674,323,935
675,323,935
676,323,936
677,322,936
678,323,935
679,323,935
680,323,936
681,322,935
682,322,935
683,323,935
684,323,935
685,323,936
686,322,935
687,323,935
688,323,935
689,322,935
690,323,935
691,323,935
692,323,935
693,323,935
694,322,935
695,323,935
696,322,934
697,323,935
698,323,935
699,322,935
700,323,934
701,323,935
702,323,935
703,323,936
704,322,934
705,323,935
706,323,934
707,321,935
708,323,935
709,323,935
710,323,935
711,323,935
712,323,935
713,323,935
714,323,935
715,323,935
716,323,936
717,322,936
718,322,935
719,323,935
720,322,936
721,323,935
722,322,935
723,323,935
724,323,935
725,322,935
726,323,935
727,322,935
728,323,935
729,323,935
730,323,935
731,323,935
732,321,935
733,323,936
734,322,935
735,323,935
736,323,936
737,322,935
738,323,935
739,322,935
740,323,935
741,323,935
742,322,935
743,322,935
744,323,936
745,323,935
746,323,936
747,322,935
748,323,935
749,323,935
750,322,935
751,323,936
752,323,935
753,322,935
754,323,934
755,323,935
756,322,935
757,323,938
758,323,935
759,323,935
760,323,936
761,322,934
762,322,935
763,322,936
764,323,935
765,322,936
766,323,935
767,323,935
768,322,936
769,322,935
770,323,935
771,323,935
772,323,935
773,323,935
774,323,935
775,322,935
776,323,935
777,322,935
778,323,935
779,322,935
780,322,935
781,323,935
782,323,937
783,323,935
784,322,935
785,322,935
786,323,936
787,323,935
788,323,935
789,323,935
790,322,935
791,322,935
792,322,934
793,323,935
794,322,936
795,323,935
796,323,935
797,323,935
798,322,935
799,323,935
800,323,935
801,323,936
802,323,935
803,323,935
804,322,935
805,323,935
806,323,935
807,322,933
808,322,936
809,323,935
810,323,935
811,323,935
812,323,935
813,322,935
814,322,935
815,322,935
816,323,935
817,323,935
818,322,936
819,323,935
820,323,935
821,323,935
822,322,935
823,322,935
824,323,935
825,322,935
826,323,935
827,323,936
828,322,934
829,323,935
830,323,935
831,323,935
832,323,933
833,323,935
834,323,935
835,322,935
836,323,935
837,323,936
838,323,935
839,323,935
840,322,935
841,323,935
842,322,935
843,322,935
844,322,936
845,323,935
846,323,935
847,323,935
848,322,935
849,323,936
850,323,935
851,322,936
852,323,935
853,323,935
854,322,935
855,323,935
856,323,935
857,322,935
858,323,935
859,323,936
860,322,936
861,323,936
862,323,935
863,322,936
864,323,935
865,323,935
866,322,935
867,323,935
868,322,935
869,323,935
870,323,935
871,322,935
872,323,935
873,321,936
874,323,935
875,323,935
876,322,935
877,323,935
878,323,934
879,323,935
880,323,936
881,323,935
882,323,935
883,323,935
884,323,935
885,323,935
886,323,935
887,323,934
888,323,935
889,323,936
890,323,935
891,322,936
892,323,935
893,323,935
894,323,935
895,323,935
896,322,935
897,323,935
898,322,935
899,323,935
900,322,935
901,323,935
o
902,323,935
903,322,935
904,322,935
905,322,934
906,322,934
907,323,934
908,324,932
909,325,931
910,327,928
911,328,925
912,330,923
913,332,916
914,334,911
915,336,906
916,338,902
917,341,894
918,343,885
919,345,880
920,348,871
921,351,864
922,355,849
923,359,832
924,366,824
925,371,820
926,376,811
927,382,804
928,385,788
929,387,769
930,390,758
931,394,745
932,397,733
933,400,714
934,405,681
935,410,665
936,414,652
937,421,600
938,427,572
939,430,518
940,432,509
941,432,505
942,433,504
943,433,504
944,433,500
945,433,499
946,433,500
947,433,500
948,433,498
949,440,452
950,446,421
951,454,390
952,459,356
953,461,279
954,464,262
955,469,165
956,475,147
957,481,100
958,486,0
959,489,0
960,493,0
961,497,0
962,501,0
963,505,0
964,510,0
965,514,0
966,518,0
967,522,0
968,526,0
969,529,0
970,532,0
971,538,0
972,541,0
973,545,0
974,549,0
975,552,0
976,556,0
977,561,0
978,565,0
979,570,0
980,574,0
981,580,0
982,584,0
983,588,0
984,592,0
985,597,0
986,602,0
987,607,0
988,610,0
989,613,0
990,616,0
991,619,0
992,623,0
993,626,0
994,631,0
995,635,0
996,641,0
997,646,0
998,651,0
999,655,0
1000,660,0
1001,665,0
1002,668,0
1003,673,0
1004,678,0
1005,681,0
1006,685,0
1007,691,0
1008,695,0
1009,699,0
1010,703,0
1011,709,0
1012,715,0
1013,720,0
1014,725,0
1015,730,0
1016,734,0
1017,738,0
1018,744,0
1019,748,0
1020,750,0
1021,754,0
1022,758,0
1023,762,0
1024,766,0
1025,774,0
1026,778,0
1027,783,0
1028,787,0
1029,792,0
1030,796,0
1031,800,0
1032,804,0
1033,809,0
1034,813,0
1035,817,0
1036,819,0
1037,823,0
1038,828,0
1039,831,0
1040,839,0
1041,844,0
1042,849,0
1043,854,0
1044,860,0
1045,864,0
1046,868,0
1047,871,0
1048,873,0
1049,874,0
1050,882,0
1051,885,0
1052,888,0
1053,894,0
1054,899,0
1055,902,0
1056,909,0
1057,914,0
1058,919,0
1059,924,0
1060,925,0
1061,929,0
1062,931,0
1063,934,0
1064,934,0
1065,937,0
1066,935,0
1067,937,0
1068,937,0
1069,938,0
1070,938,0
1071,937,0
1072,938,0
1073,939,1
1074,938,0
1075,938,0
1076,939,0
1077,938,0
1078,939,0
1079,938,0
1080,938,0
1081,939,0
1082,938,0
1083,938,0
1084,938,0
1085,938,0
1086,938,0
1087,938,0
1088,938,0
1089,938,0
1090,938,0
1091,939,0
1092,938,0
1093,938,0
1094,938,0
1095,938,0
1096,939,0
1097,939,0
1098,938,0
1099,938,0
1100,938,0
1101,938,0
1102,938,0
1103,939,0
1104,939,0
1105,938,0
1106,939,0
1107,938,0
1108,939,0
1109,938,0
1110,938,0
1111,938,0
1112,939,0
1113,938,0
1114,939,0
1115,939,0
1116,938,0
1117,938,0
1118,938,0
1119,938,0
1120,938,0
1121,939,0
1122,938,0
1123,938,0
1124,938,0
1125,938,0
1126,938,0
1127,938,0
1128,938,0
1129,939,0
1130,938,0
1131,939,0
1132,938,0
1133,938,0
1134,939,0
1135,939,0
1136,938,0
1137,938,0
1138,939,0
1139,938,0
1140,939,0
1141,938,0
1142,938,0
1143,938,0
1144,939,0
1145,936,0
1146,938,0
1147,938,0
1148,938,0
1149,939,0
1150,939,0
1151,939,0
1152,938,0
1153,938,0
1154,937,0
1155,939,0
1156,938,0
1157,938,0
1158,938,0
2
1159,939,0
1160,938,0
1161,938,0
1162,939,0
1163,939,0
1164,938,0
1165,941,0
1166,939,0
1167,939,0
1168,938,0
1169,938,0
1170,939,0
1171,938,0
1172,936,0
1173,938,0
1174,939,0
1175,938,0
1176,938,0
1177,938,0
1178,939,0
1179,938,0
1180,938,0
1181,938,0
1182,939,0
1183,939,0
1184,938,0
1185,939,0
1186,939,0
1187,939,0
1188,939,0
1189,938,0
1190,938,0
1191,938,0
1192,938,0
1193,938,0
1194,938,0
1195,938,0
1196,938,0
1197,938,0
1198,938,0
1199,938,0
1200,939,0
1201,939,0
1202,938,0
1203,938,0
1204,939,0
1205,938,0
1206,938,0
1207,938,0
1208,939,0
1209,938,0
1210,938,0
1211,939,0
1212,939,0
1213,938,0
1214,938,0
1215,939,0
1216,939,0
1217,938,0
1218,939,0
1219,938,0
1220,939,0
1221,938,0
1222,938,0
1223,939,0
1224,938,0
1225,939,0
3
1226,938,0
1227,939,0
1228,938,0
1229,939,0
1230,939,0
1231,939,0
1232,938,0
1233,938,0
1234,938,0
1235,939,0
1236,938,0
1237,938,0
1238,938,0
1239,939,0
1240,939,0
1241,939,0
1242,939,0
1243,939,0
1244,939,0
1245,938,0
1246,939,0
1247,938,0
3
1248,938,0
1249,938,0
1250,938,0
1251,939,0
1252,938,0
1253,938,0
1254,939,0
1255,938,0
1256,938,0
1257,938,0
1258,938,0
1259,938,0
1260,938,0
1261,938,0
1262,938,0
1263,938,0
1264,938,0
1265,939,0
1266,939,0
1267,939,0
1268,939,0
1269,938,0
1270,938,0
1271,939,0
1272,939,0
1273,939,0
1274,939,0
1275,939,0
1276,938,0
1277,938,0
1278,938,0
1279,938,0
1280,939,0
1281,939,0
1282,938,0
1283,939,0
1284,938,0
1285,938,0
1286,938,0
1287,939,0
1288,938,0
1289,938,0
1290,939,0
1291,938,0
1292,938,0
1293,938,0
1294,938,0
1295,939,0
1296,938,0
1297,938,0
1298,941,0
1299,939,0
1300,938,0
1301,938,0
1302,938,0
1303,938,0
1304,938,0
1305,936,0
1306,939,0
1307,939,0
1308,938,0
1309,939,0
1310,939,0
1311,938,0
1312,939,1
1313,939,0
1314,939,0
1315,938,0
1316,939,0
1317,939,0
1318,938,0
1319,938,0
1320,938,0
1321,939,0
1322,938,0
1323,938,0
1324,939,0
1325,938,0
c
1326,938,0
1327,939,0
1328,939,0
1329,939,0
1330,939,0
1331,940,0
1332,938,0
1333,940,0
1334,940,0
1335,939,0
1336,939,0
1337,940,0
1338,940,0
1339,939,1
1340,939,0
1341,938,0
1342,934,0
1343,932,0
1344,929,0
1345,925,0
1346,923,0
1347,919,0
1348,917,0
1349,911,0
1350,905,0
1351,900,0
1352,895,0
1353,889,0
1354,886,0
1355,882,0
1356,877,0
1357,874,0
1358,870,0
1359,867,0
1360,864,0
1361,861,0
1362,856,0
1363,853,0
1364,847,0
1365,844,0
1366,841,0
1367,836,0
1368,830,0
1369,823,0
1370,819,0
1371,816,0
1372,812,0
1373,808,0
1374,806,0
1375,800,0
1376,797,0
1377,791,0
1378,785,0
1379,779,0
1380,773,0
1381,768,0
1382,764,0
1383,759,0
1384,753,0
1385,750,0
1386,746,0
1387,744,0
1388,741,0
1389,737,0
1390,732,0
1391,730,0
1392,725,0
1393,718,0
1394,710,0
1395,705,0
1396,700,0
1397,694,0
1398,689,0
1399,684,0
1400,680,0
1401,677,0
1402,673,0
1403,669,0
1404,666,0
1405,662,0
1406,655,0
1407,649,0
1408,642,0
1409,636,0
1410,631,0
1411,627,0
1412,623,0
1413,619,0
1414,615,0
1415,613,0
1416,610,0
1417,608,0
1418,603,0
1419,597,0
1420,593,0
1421,590,0
1422,584,0
1423,579,0
1424,574,0
1425,567,1
1426,562,0
1427,556,0
1428,552,0
1429,549,0
1430,545,0
1431,542,0
1432,539,0
1433,534,0
1434,530,0
1435,526,0
1436,522,0
1437,515,0
1438,509,0
1439,504,0
1440,498,0
1441,492,0
1442,487,0
1443,484,0
1444,480,0
1445,475,146
1446,472,264
1447,468,365
1448,463,426
1449,458,462
1450,451,489
1451,444,543
1452,438,599
1453,433,620
1454,425,638
1455,421,665
1456,415,699
1457,413,716
1458,410,728
1459,405,751
1460,400,765
1461,396,777
1462,393,785
1463,389,799
1464,384,806
1465,378,816
1466,373,827
1467,370,839
1468,366,846
1469,360,861
1470,358,873
1471,356,883
1472,354,890
1473,353,894
1474,351,896
1475,350,901
1476,349,904
1477,347,908
1478,344,910
1479,342,913
1480,341,915
1481,339,916
1482,338,918
1483,337,921
1484,335,922
1485,334,923
1486,332,927
1487,330,929
1488,328,929
1489,326,931
1490,323,932
1491,322,933
1492,322,933
1493,322,933
1494,322,934
1495,322,934
1496,322,934
1497,322,934
1498,322,934
1499,322,934
1500,322,934
1501,322,934
1502,322,934
1503,322,934
1504,322,934
1505,322,934
1506,322,934
1507,322,935
1508,322,936
1509,322,935
1510,322,935
1511,322,935
o
1512,322,935
1513,321,934
1514,321,934
1515,321,934
1516,321,931
1517,322,932
1518,324,930
1519,326,929
1520,327,926
1521,329,924
1522,330,919
1523,333,917
1524,335,914
1525,337,908
1526,340,902
1527,342,898
1528,344,892
1529,346,883
1530,350,871
1531,354,857
1532,359,839
1533,365,825
1534,371,819
1535,376,812
1536,382,800
1537,385,788
1538,388,770
1539,391,757
1540,395,743
1541,399,730
1542,402,699
1543,405,693
1544,407,690
1545,408,687
1546,408,687
1547,408,688
1548,408,688
1549,408,688
1550,408,689
1551,408,689
1552,408,690
1553,408,690
1554,408,690
1555,408,691
1556,408,692
1557,408,692
1558,408,691
1559,408,693
1560,408,692
1561,408,694
1562,408,694
1563,408,695
1564,408,695
1565,408,696
1566,408,696
1567,408,696
1568,408,697
1569,408,697
1570,408,697
1571,408,697
1572,408,697
1573,408,697
1574,408,697
1575,408,698
1576,408,698
1577,408,698
1578,408,698
1579,408,698
1580,408,699
1581,408,698
1582,408,699
1583,408,699
1584,408,699
1585,408,699
1586,408,699
1587,408,700
1588,408,699
1589,408,699
1590,408,699
1591,408,699
1592,408,699
1593,408,699
1594,408,699
1595,408,699
1596,408,699
1597,408,700
1598,408,700
1599,408,700
1600,409,701
1601,408,700
1602,408,700
1603,408,700
1604,408,701
1605,408,701
1606,408,701
1607,408,701
1608,408,702
1609,408,701
1610,408,701
1611,408,702
1612,408,702
1613,408,702
1614,408,702
1615,408,702
1616,408,702
1617,408,701
1618,408,702
1619,408,702
1620,408,702
1621,408,702
1622,408,702
1623,408,702
1624,408,702
1625,408,702
1626,408,702
1627,408,702
1628,408,702
1629,408,703
1630,408,703
1631,408,703
1632,408,703
1633,408,702
1634,408,703
1635,408,703
1636,408,703
1637,408,703
1638,408,703
1639,408,702
1640,408,702
1641,408,702
1642,409,703
1643,408,703
1644,408,703
1645,408,703
1646,408,704
1647,408,704
1648,408,705
1649,408,705
1650,408,705
1651,408,706
1652,408,705
1653,408,706
1654,408,706
1655,408,706
1656,408,706
1657,408,706
1658,408,706
1659,408,705
1660,408,705
1661,408,705
1662,408,705
1663,408,705
1664,408,705
1665,408,705
1666,408,705
1667,408,704
1668,408,704
1669,408,704
1670,408,704
1671,408,703
1672,408,704
1673,408,701
1674,408,698
1675,408,697
1676,408,695
1677,408,694
1678,408,693
1679,408,692
1680,408,692
1681,408,693
1682,408,693
1683,408,691
1684,408,689
1685,408,692
1686,408,693
1687,408,694
1688,408,694
1689,408,695
1690,408,696
1691,408,697
1692,408,698
1693,408,698
1694,408,698
1695,408,699
1696,408,700
1697,408,701
1698,408,702
1699,408,702
1700,408,702
1701,408,702
1702,408,702
1703,408,701
1704,408,701
1705,408,701
1706,408,702
1707,408,703
1708,408,703
1709,408,703
1710,408,703
1711,408,703
1712,408,704
1713,408,703
1714,408,703
1715,408,702
1716,408,702
1717,408,702
1718,408,703
1719,408,703
1720,408,703
1721,408,704
1722,408,705
1723,408,706
1724,408,706
1725,408,705
1726,408,701
1727,408,699
1728,408,698
1729,408,699
1730,408,699
1731,408,699
1732,408,699
1733,408,699
1734,408,699
1735,408,699
1736,408,698
1737,408,696
1738,408,695
1739,408,693
1740,408,692
1741,408,692
1742,408,693
1743,408,693
1744,408,694
1745,408,696
1746,408,698
1747,408,699
1748,408,701
1749,408,703
1750,408,704
1751,408,704
1752,408,705
1753,408,706
1754,408,706
1755,409,708
1756,408,707
1757,408,707
1758,408,707
1759,408,706
1760,408,703
1761,408,700
1762,408,699
1763,408,700
1764,408,702
1765,408,704
1766,408,705
1767,408,705
1768,408,706
1769,408,707
1770,408,707
1771,408,706
1772,408,706
1773,408,706
1774,408,705
1775,408,704
1776,408,705
1777,408,706
1778,408,706
1779,408,706
1780,408,705
1781,408,705
1782,408,706
1783,408,707
1784,408,706
1785,408,708
1786,408,709
1787,408,710
1788,408,711
1789,408,710
1790,408,711
1791,408,711
1792,408,711
1793,408,711
1794,408,711
1795,408,712
1796,408,713
1797,408,713
1798,408,714
1799,408,712
1800,408,712
1801,408,712
1802,408,712
1803,408,714
1804,408,717
1805,408,720
1806,408,734
1807,408,737
1808,408,738
1809,408,739
1810,408,742
1811,408,742
1812,408,741
1813,408,738
1814,408,725
1815,408,719
1816,408,716
1817,408,714
1818,408,714
1819,408,713
1820,408,712
1821,408,711
1822,408,710
1823,408,710
1824,408,709
1825,408,709
1826,408,707
1827,408,709
1828,408,710
1829,408,710
1830,408,711
1831,408,711
1832,408,711
1833,408,712
1834,408,714
1835,408,715
1836,408,713
1837,408,711
1838,408,711
1839,407,712
1840,408,713
1841,408,718
1842,408,720
1843,408,720
1844,408,720
1845,408,719
1846,408,718
1847,408,716
1848,408,715
1849,408,714
1850,408,713
1851,408,712
1852,408,713
1853,408,713
1854,408,714
1855,408,718
1856,408,720
1857,408,726
1858,408,735
1859,408,740
1860,408,744
1861,408,747
1862,408,749
1863,408,750
1864,408,749
1865,408,746
1866,408,744
1867,408,741
1868,408,736
1869,408,725
1870,408,723
1871,408,719
1872,408,716
1873,408,713
1874,408,713
1875,408,717
1876,408,737
1877,408,741
1878,408,744
1879,408,744
1880,408,745
1881,408,746
1882,408,747
1883,408,746
1884,408,746
1885,408,744
1886,408,738
1887,408,721
1888,408,716
1889,408,715
1890,408,714
1891,408,715
1892,408,715
1893,408,717
1894,408,720
1895,408,723
1896,408,728
1897,408,730
1898,408,729
1899,408,731
1900,408,732
1901,408,732
1902,408,732
1903,408,733
1904,408,733
1905,408,733
1906,408,733
1907,408,733
1908,408,733
1909,408,733
1910,407,733
1911,408,733
1912,408,732
1913,408,733
1914,408,733
1915,408,733
1916,408,733
1917,408,734
1918,408,733
1919,408,733
1920,408,733
1921,408,734
1922,408,733
1923,408,734
1924,408,733
1925,408,734
1926,408,734
1927,408,734
1928,408,734
1929,408,734
1930,408,734
1931,408,734
1932,408,734
1933,408,734
1934,408,734
1935,408,734
1936,408,734
1937,408,734
1938,408,734
1939,408,734
1940,408,734
1941,408,734
1942,408,734
1943,408,735
1944,408,734
1945,408,734
1946,408,735
c
1947,408,735
1948,408,735
1949,409,740
1950,408,745
1951,408,751
1952,408,760
1953,406,769
1954,404,783
1955,401,792
1956,397,808
1957,394,819
1958,390,828
1959,386,834
1960,381,840
1961,374,852
1962,370,860
1963,367,871
1964,362,881
1965,358,888
1966,357,892
1967,356,896
1968,354,898
1969,352,900
1970,351,904
1971,349,907
1972,348,909
1973,348,911
1974,346,914
1975,345,915
1976,344,917
1977,343,919
1978,341,920
1979,341,925
1980,338,923
1981,337,924
1982,336,926
1983,335,928
1984,334,929
1985,331,930
1986,329,932
1987,327,932
1988,325,933
1989,325,934
1990,325,933
1991,326,934
1992,326,934
1993,325,933
1994,325,934
1995,325,935
1996,325,935
1997,325,935
1998,326,934
1999,326,934
2000,325,934
2001,325,934
2002,325,935
2003,325,935
2004,325,935
2005,325,934
2006,325,935
2007,325,935
2008,325,935
2009,325,935
2010,326,935
2011,326,935
2012,326,934
2013,326,935
2014,325,935
2015,325,935
2016,325,935
2017,325,935
2018,325,935
2019,326,935
2020,326,936
2021,326,935
2022,325,935
2023,325,936
2024,326,936
2025,325,936
2026,325,935
2027,326,935
2028,325,935
2029,325,935
2030,325,935
2031,325,936
2032,325,935
2033,325,935
2034,326,935
2035,325,935
2036,325,936
2037,325,935
2038,326,936
2039,325,936
2040,325,936
2041,326,935
2042,325,936
2043,326,935
2044,325,936
2045,326,936
2046,325,936
2047,325,936
o
2048,326,936
2049,325,936
2050,325,935
2051,325,935
2052,325,935
2053,326,933
2054,327,932
2055,329,930
2056,330,928
2057,331,925
2058,333,921
2059,335,918
2060,337,914
2061,341,911
2062,343,904
2063,344,900
2064,347,896
2065,350,889
2066,353,877
2067,357,866
2068,364,855
2069,369,845
2070,375,831
2071,380,822
2072,384,810
2073,387,794
2074,390,776
2075,393,759
2076,397,745
2077,401,730
2078,405,698
2079,408,689
2080,410,686
2081,410,685
2082,411,687
2083,411,687
2084,411,689
2085,411,691
2086,411,691
2087,411,692
2088,411,692
2089,411,692
2090,410,692
2091,411,694
2092,411,693
2093,411,694
2094,411,694
2095,411,695
2096,411,695
2097,411,694
2098,411,694
2099,411,695
2100,411,695
2101,411,696
2102,411,697
2103,410,696
2104,411,697
2105,411,697
2106,411,698
2107,411,698
2108,411,699
2109,411,699
2110,411,699
2111,411,699
2112,411,699
2113,411,700
2114,411,700
2115,411,700
2116,411,701
2117,411,701
2118,411,702
2119,411,702
2120,411,702
2121,411,702
2122,411,702
2123,411,702
2124,411,703
2125,411,703
2126,411,703
2127,411,703
2128,411,703
2129,411,703
2130,411,703
2131,411,704
2132,411,704
2133,411,704
2134,411,704
2135,411,704
2136,411,704
2137,411,704
2138,411,704
2139,411,704
2140,411,704
2141,411,704
2142,411,704
2143,411,704
2144,411,705
2145,410,705
2146,411,705
c
2147,411,705
2148,411,705
2149,411,708
2150,411,716
2151,411,736
2152,409,747
2153,408,759
2154,405,769
2155,403,782
2156,399,793
2157,396,810
2158,393,821
2159,389,828
2160,384,836
2161,377,846
2162,372,855
2163,368,865
2164,364,875
2165,359,885
2166,358,891
2167,356,895
2168,354,898
2169,352,900
2170,351,904
2171,349,907
2172,348,907
2173,347,911
2174,346,914
2175,345,916
2176,344,917
2177,343,920
2178,341,921
2179,339,923
2180,339,924
2181,337,927
2182,336,928
2183,335,929
2184,333,931
2185,329,932
2186,329,933
2187,329,933
2188,329,933
2189,328,934
2190,328,933
2191,328,933
2192,329,933
2193,329,934
2194,328,934
2195,329,934
2196,328,935
2197,328,934
2198,329,934
2199,329,934
2200,328,934
2201,329,934
2202,329,934
2203,328,933
2204,328,934
2205,329,934
2206,329,934
2207,329,934
2208,328,935
2209,328,934
2210,329,934
2211,329,935
2212,328,934
2213,329,934
2214,329,936
2215,328,935
2216,329,935
2217,328,935
2218,329,935
2219,329,935
2220,329,935
2221,328,935
2222,328,935
2223,329,935
2224,329,935
2225,328,935
2226,328,935
2227,329,935
2228,328,935
2229,328,935
o
2230,329,935
2231,328,935
2232,328,934
2233,328,935
2234,328,933
2235,328,933
2236,329,931
2237,330,929
2238,331,927
2239,333,922
2240,335,919
2241,336,917
2242,339,912
2243,342,908
2244,344,902
2245,346,899
2246,348,894
2247,352,883
2248,356,872
2249,361,861
2250,367,849
2251,373,840
2252,378,827
2253,383,815
2254,386,805
2255,389,781
2256,392,767
2257,396,752
2258,399,736
2259,403,717
2260,406,698
2261,408,695
2262,408,695
2263,409,694
2264,409,695
2265,409,696
2266,409,696
2267,409,697
2268,409,698
2269,409,699
2270,409,701
2271,409,703
2272,409,705
2273,409,706
2274,409,707
2275,409,707
2276,409,708
2277,409,708
2278,409,709
2279,409,709
2280,409,709
2281,409,710
2282,409,710
2283,409,710
2284,409,710
2285,409,711
2286,409,711
2287,409,711
2288,409,711
2289,409,711
2290,409,712
2291,409,712
2292,409,712
2293,409,712
2294,409,712
2295,409,713
2296,410,714
2297,409,713
2298,409,713
2299,409,714
2300,409,713
2301,409,714
2302,409,714
2303,409,714
2304,409,714
2305,409,714
2306,409,714
2307,409,714
2308,409,714
2309,409,714
c
2310,409,715
2311,409,715
2312,409,718
2313,409,733
2314,409,742
2315,408,753
2316,406,764
2317,404,776
2318,400,788
2319,397,805
2320,394,816
2321,390,826
2322,385,832
2323,380,843
2324,374,851
2325,370,861
2326,366,871
2327,360,882
2328,358,889
2329,356,894
2330,355,897
2331,352,899
2332,351,901
2333,350,906
2334,349,909
2335,348,911
2336,347,913
2337,345,916
2338,344,918
2339,343,919
2340,341,921
2341,339,923
2342,338,924
2343,337,927
2344,336,930
2345,334,930
2346,332,931
2347,331,932
2348,329,932
2349,329,933
2350,329,933
2351,329,933
2352,329,933
2353,329,934
2354,329,934
2355,329,934
2356,329,934
2357,329,934
2358,329,934
2359,329,934
2360,329,934
2361,329,933
2362,329,935
2363,329,935
2364,329,935
2365,329,932
2366,329,935
2367,329,935
2368,329,934
2369,329,935
2370,329,934
2371,329,935
2372,329,935
2373,329,935
2374,329,935
2375,329,934
2376,329,935
2377,329,935
2378,328,935
2379,329,935
2380,329,935
2381,329,935
2382,329,934
2383,330,935
2384,329,935
2385,329,935
2386,329,935
2387,329,935
o
2388,329,935
2389,328,935
2390,328,935
2391,328,934
2392,328,932
2393,329,932
2394,329,931
2395,331,927
2396,332,926
2397,334,922
2398,335,918
2399,337,916
2400,340,912
2401,343,908
2402,344,901
2403,346,898
2404,349,892
2405,352,880
2406,357,870
2407,363,859
2408,368,848
2409,374,837
2410,379,826
2411,384,814
2412,386,799
2413,389,779
2414,392,763
2415,396,747
2416,400,734
2417,404,702
2418,406,695
2419,408,691
2420,409,690
2421,409,691
2422,410,692
2423,410,693
2424,410,693
2425,410,694
2426,410,695
2427,410,695
2428,410,696
2429,410,696
2430,410,697
2431,409,697
2432,410,698
2433,410,699
2434,410,701
2435,410,703
2436,410,703
2437,410,704
2438,410,706
2439,410,706
2440,410,706
2441,410,707
2442,410,707
2443,410,708
2444,410,707
2445,410,708
2446,410,708
2447,410,708
c
2448,410,709
2449,410,709
2450,410,712
2451,410,724
2452,409,738
2453,409,747
2454,407,760
2455,405,771
2456,402,783
2457,398,796
2458,394,814
2459,391,824
2460,387,830
2461,382,839
2462,375,849
2463,370,860
2464,367,869
2465,361,879
2466,358,887
2467,357,893
2468,355,897
2469,353,899
2470,351,902
2471,350,906
2472,349,909
2473,348,911
2474,346,915
2475,344,916
2476,344,918
2477,343,920
2478,341,922
2479,339,924
2480,338,925
2481,337,928
2482,335,929
2483,334,930
2484,332,932
2485,330,932
2486,328,933
2487,329,935
2488,328,934
2489,328,934
2490,328,934
2491,328,934
2492,328,935
2493,328,935
2494,328,934
2495,328,935
2496,328,934
2497,329,934
2498,329,935
2499,328,934
2500,328,935
2501,328,935
2502,329,935
2503,328,935
2504,329,935
2505,328,935
2506,328,935
2507,328,935
2508,328,935
2509,328,934
2510,328,935
2511,328,935
2512,328,935
2513,328,935
2514,328,934
2515,328,935
2516,329,935
2517,328,935
2518,328,935
2519,328,935
o
2520,329,936
2521,328,935
2522,328,934
2523,328,933
2524,328,933
2525,328,932
2526,329,931
2527,330,928
2528,331,927
2529,333,924
2530,335,920
2531,337,917
2532,339,912
2533,342,908
2534,344,901
2535,346,899
2536,349,894
2537,352,883
2538,356,872
2539,361,861
2540,367,849
2541,373,840
2542,378,827
2543,383,816
2544,386,804
2545,389,781
2546,392,767
2547,396,751
2548,399,736
2549,403,717
2550,406,698
2551,408,695
2552,408,694
2553,409,694
2554,409,695
2555,409,695
2556,409,696
2557,409,697
2558,409,697
2559,409,698
2560,409,698
2561,409,699
2562,409,702
2563,409,703
2564,409,704
2565,409,706
2566,409,707
2567,409,707
2568,409,708
2569,409,710
2570,409,709
2571,409,708
2572,409,709
2573,409,710
2574,409,710
2575,409,710
2576,409,710
2577,409,711
2578,409,711
2579,409,711
c
2580,408,711
2581,409,711
2582,409,713
2583,409,730
2584,409,740
2585,409,749
2586,407,762
2587,404,774
2588,401,786
2589,397,804
2590,394,816
2591,390,825
2592,385,832
2593,379,844
2594,373,852
2595,369,862
2596,365,873
2597,360,882
2598,358,890
2599,356,895
2600,355,897
2601,352,900
2602,351,902
2603,350,907
2604,349,910
2605,348,911
2606,346,915
2607,344,917
2608,344,919
2609,344,923
2610,341,922
2611,339,923
2612,338,925
2613,337,928
2614,336,929
2615,334,930
2616,332,932
2617,331,931
2618,330,933
2619,330,933
2620,330,933
2621,330,934
2622,329,934
2623,329,934
2624,329,933
2625,329,934
2626,330,934
2627,329,934
2628,330,934
2629,330,935
2630,330,934
2631,330,934
2632,330,935
2633,329,935
2634,329,935
2635,329,935
2636,330,935
2637,330,935
2638,329,933
2639,329,934
2640,330,935
2641,330,935
2642,330,935
2643,329,935
2644,329,935
2645,329,934
2646,330,935
o
2647,330,935
2648,329,934
2649,330,937
2650,329,934
2651,329,933
2652,329,932
2653,330,931
2654,331,927
2655,332,926
2656,334,922
2657,335,919
2658,337,916
2659,340,912
2660,343,908
2661,345,900
2662,346,898
2663,349,892
2664,352,883
2665,357,870
2666,363,859
2667,368,848
2668,374,838
2669,379,826
2670,384,814
2671,386,799
2672,389,778
2673,392,763
2674,396,747
2675,400,733
2676,405,700
2677,407,692
2678,409,687
2679,410,686
2680,410,688
2681,410,688
2682,410,689
2683,410,691
2684,410,692
2685,410,692
2686,410,693
2687,410,693
2688,410,694
2689,410,694
2690,410,695
2691,410,695
2692,410,695
2693,410,695
2694,410,696
2695,410,696
2696,410,697
2697,410,697
2698,410,698
2699,410,700
2700,410,700
2701,410,701
2702,410,702
2703,410,703
2704,410,703
2705,410,703
2706,410,704
2707,410,704
2708,410,704
2709,410,704
2710,411,703
2711,410,703
2712,410,703
2713,410,703
2714,410,703
2715,410,703
2716,410,703
2717,410,703
2718,410,703
2719,410,703
2720,410,702
2721,410,703
2722,410,703
2723,410,703
2724,410,703
2725,410,703
2726,410,703
2727,410,703
2728,410,704
2729,410,704
2730,410,704
2731,411,704
2732,410,704
2733,410,704
2734,410,704
2735,410,704
2736,410,704
2737,410,705
2738,410,704
2739,410,705
2740,410,705
2741,410,705
2742,410,705
2743,410,705
2744,410,705
2745,410,705
2746,411,705
2747,410,705
2748,410,705
2749,410,705
2750,410,705
2751,410,705
2752,410,705
2753,411,705
2754,410,705
2755,411,705
2756,410,705
2757,410,705
2758,410,705
2759,410,705
2760,410,706
2761,410,706
2762,411,706
2763,410,706
2764,410,706
2765,410,706
2766,410,706
2767,410,706
2768,410,707
2769,410,706
2770,410,706
2771,410,706
2772,410,707
2773,410,707
2774,410,706
2775,410,707
2776,410,707
2777,410,707
2778,410,707
2779,410,707
2780,410,707
2781,410,707
2782,410,707
2783,410,707
2784,410,707
2785,410,707
2786,410,707
2787,410,707
2788,410,707
2789,411,707
2790,410,707
2791,410,707
2792,410,707
2793,410,708
2794,410,708
2795,410,707
2796,411,707
2797,410,708
2798,410,707
2799,410,708
2800,410,708
2801,410,708
2802,410,708
2803,410,708
2804,411,708
2805,410,708
2806,410,708
2807,410,708
2808,410,708
2809,410,708
2810,410,708
2811,410,708
2812,410,708
2813,410,708
2814,410,708
2815,410,708
2816,410,708
2817,410,708
2818,410,708
2819,410,708
2820,410,708
2821,411,708
2822,410,708
2823,410,708
2824,410,709
2825,410,709
2826,410,709
2827,410,708
2828,410,708
2829,410,709
2830,410,709
2831,410,709
2832,410,709
2833,410,708
2834,410,709
2835,410,709
2836,410,709
2837,410,709
2838,410,709
2839,410,709
2840,410,709
2841,410,709
2842,410,709
2843,410,709
2844,410,709
2845,410,709
2846,410,709
2847,410,709
2848,410,709
2849,410,709
2850,410,709
2851,410,709
2852,410,710
2853,410,709
2854,410,709
2855,410,710
2856,410,710
2857,410,710
2858,410,710
2859,410,710
2860,410,710
2861,410,710
2862,410,710
2863,410,709
2864,410,710
2865,410,710
2866,410,710
2867,410,710
2868,410,710
2869,410,710
2870,411,710
2871,410,710
2872,410,710
2873,410,710
2874,410,710
2875,411,710
2876,410,710
2877,410,710
2878,410,710
2879,410,710
2880,410,710
2881,410,710
2882,410,710
2883,410,710
2884,410,710
2885,410,710
2886,410,710
2887,410,710
2888,410,710
2889,410,710
2890,410,710
2891,410,710
2892,410,710
2893,410,711
2894,410,710
2895,410,710
2896,410,710
2897,410,710
2898,410,710
2899,410,710
2900,410,710
2901,410,710
2902,410,710
2903,410,711
2904,410,711
2905,411,710
2906,410,710
2907,410,711
2908,410,710
2909,410,710
2910,410,710
2911,410,711
2912,410,711
2913,410,710
2914,411,711
2915,410,711
2916,410,711
2917,411,711
2918,410,711
2919,410,711
2920,410,711
2921,410,711
2922,410,711
2923,410,710
2924,410,711
2925,410,711
2926,410,711
2927,410,711
2928,410,711
2929,410,711
2930,410,711
2931,410,711
2932,410,711
2933,410,711
2934,410,711
2935,410,711
2936,410,711
2937,410,711
2938,411,711
2939,410,711
2940,410,711
2941,410,711
2942,410,711
2943,410,711
2944,410,711
2945,410,711
2946,410,710
2947,410,711
2948,410,711
2949,410,711
2950,410,711
2951,410,711
2952,411,711
2953,410,711
2954,410,711
2955,410,711
2956,410,711
