±431,598
431,598
431,598
431,598
431,598
431,598
431,598
431,597
431,597
431,598
431,597
431,597
431,598
431,598
431,598
431,597
431,598
431,597
431,597
431,598
431,598
431,598
431,598
431,597
431,598
431,597
431,597
431,597
431,597
431,597
431,597
431,597
431,598
431,598
431,598
431,597
431,597
431,597
431,598
431,597
431,597
431,598
431,598
431,598
431,598
431,597
431,598
431,598
431,598
431,597
431,598
431,598
431,598
431,598
431,597
431,598
431,598
431,598
431,598
431,598
431,597
431,597
431,597
431,597
431,597
431,597
431,597
431,598
431,597
431,598
431,598
431,598
431,598
431,597
431,597
431,598
431,597
431,597
431,597
431,597
431,597
431,597
431,597
431,597
431,597
431,598
431,597
431,597
431,597
431,598
431,597
431,597
431,597
431,597
431,598
431,597
431,597
431,598
431,597
431,597
431,597
431,597
431,597
431,598
431,598
431,598
431,598
431,597
431,597
431,597
431,597
431,598
431,597
431,597
431,597
431,597
431,598
431,597
431,597
431,597
431,598
431,598
431,598
431,597
431,598
431,598
431,598
431,597
431,598
431,598
431,598
431,597
431,598
431,598
431,598
431,598
431,597
431,597
431,597
431,598
431,598
431,598
431,598
431,597
431,597
431,598
431,597
431,597
431,598
431,597
431,598
431,598
431,598
431,598
431,597
431,598
431,598
431,597
431,598
431,598
431,598
431,598
431,598
431,597
431,598
431,598
431,598
431,598
431,597
431,598
431,598
431,597
431,597
431,598
431,597
431,598
431,598
431,598
431,598
431,598
431,598
431,597
431,598
431,598
431,598
431,597
431,598
431,598
431,598
431,598
431,598
431,598
431,598
431,598
431,598
431,598
431,598
431,598
431,598
431,598
431,598
431,598
431,598
431,598
431,598
431,598
431,598
431,598
431,598
431,598
431,598
431,598
431,598
431,598
431,598
431,598
431,598
431,598
431,598
431,598
431,598
431,598
431,598
431,598
431,598
431,598
431,598
431,598
431,598
431,598
431,598
431,598
431,598
431,598
431,598
431,598
431,598
431,598
431,598
431,598
431,598
431,598
431,598
431,598
431,598
432,598
431,598
431,598
431,598
431,598
431,598
431,598
431,598
431,598
431,598
431,598
431,598
431,598
431,598
431,598
431,598
431,598
431,598
431,598
431,598
431,598
431,598
431,598
431,598
431,598
431,598
431,598
431,598
431,597
431,598
431,598
431,598
431,598
431,598
431,598
431,598
431,598
431,598
431,598
431,598
431,598
431,598
431,598
431,598
431,598
431,598
431,598
431,598
431,598
431,598
431,598
431,598
431,598
431,598
431,597
431,598
431,598
431,598
431,598
431,598
431,598
431,598
431,598
431,598
431,598
431,598
431,598
432,598
431,598
431,598
431,597
431,598
431,598
431,598
431,598
431,598
431,598
431,598
431,598
431,597
431,598
431,598
431,598
431,598
431,598
431,598
431,598
431,598
431,597
431,598
431,598
431,598
431,598
431,598
431,598
431,598
431,598
431,598
431,598
431,598
431,598
431,598
431,598
431,598
431,598
431,598
431,598
431,598
431,598
431,598
431,598
431,598
431,598
431,598
431,598
431,598
431,598
431,598
431,598
431,598
431,598
431,598
431,598
431,598
431,598
431,598
431,598
432,598
431,598
431,598
431,598
431,598
431,598
431,598
431,598
431,598
431,598
431,598
431,598
431,598
431,598
431,598
431,598
431,598
431,598
431,598
431,598
431,598
431,598
431,598
431,598
431,598
431,598
431,598
431,598
431,598
431,598
431,598
431,598
431,598
431,598
431,598
431,598
431,598
431,598
431,598
431,598
431,598
431,598
431,598
431,598
431,598
431,598
431,598
431,598
431,598
431,598
431,598
431,598
431,598
431,598
431,598
431,598
431,598
431,598
431,598
431,598
431,598
431,598
431,598
431,598
431,598
431,598
431,598
431,598
431,598
431,598
431,598
431,598
431,598
431,598
431,598
431,598
431,598
431,598
431,598
431,598
431,598
431,598
431,598
431,598
431,598
431,598
431,598
431,598
431,598
431,598
431,598
431,598
431,598
431,598
431,598
431,598
431,598
431,598
431,598
431,598
431,598
431,598
431,598
431,598
431,598
431,598
431,598
431,598
431,598
431,598
431,598
431,598
431,598
431,598
431,598
431,598
431,598
431,598
431,598
431,598
431,598
431,598
431,598
431,598
431,598
431,598
431,598
431,598
431,598
431,598
431,598
431,598
431,598
431,598
431,598
431,598
431,598
431,598
431,598
431,598
431,598
431,598
431,598
431,598
431,598
431,598
431,598
431,598
431,598
431,598
431,598
431,598
431,598
431,598
431,598
431,598
431,598
431,598
431,598
431,598
431,598
431,598
431,598
431,598
431,598
431,598
431,598
431,598
431,598
431,598
431,598
431,598
431,598
43,599
431,599
431,599
431,599
431,599
431,599
431,598
431,599
431,599
431,599
431,598
431,598
431,598
431,598
431,598
431,598
431,598
431,598
431,598
431,598
431,598
431,598
431,598
431,598
431,598
431,598
431,598
431,598
431,598
431,598
431,598
431,598
431,598
431,598
431,598
431,598
431,598
431,598
431,598
431,598
431,598
431,598
431,598
431,598
431,598
431,598
431,598
432,598
431,598
432,598
431,598
431,598
431,598
431,598
431,598
431,599
431,599
431,599
431,598
431,598
431,598
431,598
431,599
431,599
431,598
431,599
431,598
431,598
431,598
431,598
431,598
431,598
431,598
431,598
431,598
431,598
431,598
431,598
431,598
431,598
431,598
431,599
431,598
431,598
431,599
431,598
431,598
431,599
431,598
431,599
431,599
431,599
431,598
431,599
431,598
431,598
431,598
431,598
431,598
431,598
431,598
431,598
431,599
431,599
431,599
431,599
431,598
431,598
431,598
431,598
431,598
431,598
431,599
431,598
431,599
431,599
431,599
431,599
431,599
431,599
431,598
431,599
431,599
431,599
431,599
431,598
431,599
431,599
431,598
431,599
431,599
431,599
431,598
431,599
431,598
431,598
431,598
431,599
431,599
431,599
431,598
431,598
431,599
431,598
431,598
431,599
431,599
431,599
431,599
431,599
431,598
431,599
431,599
431,599
431,598
431,598
431,599
431,598
431,599
431,598
431,598
431,598
431,599
431,598
431,599
431,599
431,598
431,599
431,598
431,598
431,599
431,598
431,599
431,599
431,598
431,599
431,599
431,599
431,599
431,599
431,599
431,598
431,599
431,599
431,599
431,598
431,599
431,599
431,599
431,599
431,599
431,598
431,599
431,599
431,599
431,599
431,598
431,599
431,598
431,598
431,598
431,598
431,599
431,598
431,599
432,599
431,599
431,599
431,598
431,598
431,598
431,599
431,599
431,599
431,598
431,598
431,599
431,599
431,599
431,598
431,599
431,599
431,599
431,598
431,598
431,598
431,598
431,598
431,599
431,599
431,598
431,599
431,598
431,599
431,598
431,598
431,599
431,598
431,599
431,599
431,599
431,598
431,599
431,598
431,599
431,599
431,599
431,598
431,599
431,599
431,599
431,599
431,598
431,599
431,599
431,598
431,599
431,599
431,599
431,598
431,598
431,599
431,598
431,598
431,599
431,599
431,599
431,598
431,599
431,598
431,599
431,599
431,599
431,598
431,599
431,599
431,599
431,599
431,598
431,598
431,598
431,599
431,599
431,599
431,598
431,598
431,599
431,599
431,598
431,598
431,599
431,599
431,599
431,599
431,599
431,599
431,599
431,599
431,599
431,599
431,599
431,599
431,599
431,599
431,599
431,599
431,599
431,598
431,599
431,599
431,599
431,599
431,599
431,599
431,599
431,599
431,599
431,598
431,598
431,599
431,598
431,598
431,599
431,598
431,599
431,599
431,599
431,599
431,599
431,599
431,599
431,599
432,599
431,599
431,599
431,599
431,599
431,599
431,599
431,599
431,599
431,598
431,599
431,599
431,599
431,599
431,599
431,599
431,599
431,599
431,599
431,598
431,599
431,599
431,599
431,599
431,599
431,599
431,599
431,599
431,598
431,599
431,598
431,599
431,599
431,598
431,599
431,599
431,599
431,599
431,599
431,599
431,599
431,599
431,599
431,599
431,599
431,599
431,599
431,599
431,599
431,599
431,599
431,599
431,599
431,599
431,599
431,599
431,599
431,599
431,599
431,598
431,599
431,599
431,599
431,599
431,599
431,598
431,599
431,599
431,599
431,599
431,599
431,599
431,599
431,598
431,598
431,599
431,599
431,599
431,599
431,599
431,599
431,599
431,599
431,599
431,599
431,599
431,599
431,599
431,599
431,599
431,599
431,599
431,598
431,599
431,599
431,599
431,599
431,599
431,599
431,599
431,599
431,599
431,599
431,599
431,599
431,599
431,599
431,599
431,599
431,599
431,599
431,599
431,599
431,599
431,599
431,599
431,599
431,599
431,598
431,599
431,599
431,599
432,599
431,599
431,599
431,599
431,599
431,599
431,599
431,599
431,599
431,599
431,599
431,598
431,599
431,599
431,599
431,599
431,599
431,599
431,599
431,599
431,599
431,599
431,599
431,599
431,599
431,598
431,599
431,599
431,599
431,598
431,599
431,599
431,599
431,599
431,599
431,599
431,599
431,599
431,599
431,599
431,599
431,599
431,599
431,599
431,599
431,599
431,599
431,599
431,599
431,599
431,599
431,599
431,599
431,599
431,599
431,599
431,599
431,598
431,599
431,599
431,599
431,598
431,599
431,599
431,599
431,599
431,599
431,599
431,599
431,599
431,599
431,599
431,599
431,599
431,599
431,599
431,599
431,599
431,599
431,599
431,599
431,599
431,599
431,599
431,599
431,599
431,599
431,599
431,599
431,599
431,599
431,599
431,599
431,599
431,599
431,599
431,599
431,599
431,599
431,599
431,599
431,599
431,599
431,599
431,599
431,599
431,599
431,599
431,599
431,599
431,599
431,599
431,599
431,599
431,599
431,599
431,599
431,599
431,599
431,599
431,599
431,599
431,599
431,599
431,599
431,599
431,599
431,599
431,599
431,599
431,599
431,598
431,599
431,599
431,599
431,599
431,599
431,599
431,599
431,599
431,599
431,599
431,599
431,599
431,599
431,599
431,599
431,599
431,599
431,599
431,599
431,599
431,599
431,599
431,599
431,599
431,599
431,598
431,599
431,599
431,599
431,599
431,599
431,599
431,599
431,599
431,599
431,599
431,599
431,599
431,599
431,599
431,599
431,599
431,599
431,599
431,599
431,599
431,599
431,599
431,599
431,599
431,599
431,599
431,599
431,599
431,599
431,599
431,599
431,598
431,599
431,599
431,599
431,599
431,599
431,599
431,599
431,599
431,599
432,599
431,599
431,599
431,599
431,599
431,599
431,599
431,599
431,599
431,599
431,599
431,599
431,599
431,599
431,599
431,599
431,599
431,599
431,599
431,599
431,599
431,599
431,599
431,599
431,599
431,598
431,599
431,599
431,599
431,599
431,599
431,599
431,599
431,599
431,599
431,599
431,599
431,599
431,599
431,599
431,599
431,599
431,599
431,599
431,599
431,599
431,599
431,599
431,599
431,599
431,599
431,599
431,599
431,599
431,599
431,599
431,599
431,599
431,599
431,599
431,599
431,599
431,599
431,599
431,599
431,599
431,599
431,599
431,599
431,599
431,599
431,599
431,599
431,599
431,599
431,599
431,599
431,599
431,599
431,599
431,599
431,599
431,599
431,599
431,599
431,599
431,599
431,599
431,599
431,599
431,599
431,599
431,599
431,599
431,599
431,599
431,599
431,599
431,599
431,599
431,599
431,599
431,599
431,599
431,599
431,599
431,599
431,599
431,599
431,599
431,599
431,599
431,599
431,599
431,599
431,599
431,599
431,599
431,599
431,599
431,599
431,599
431,599
431,599
431,599
431,599
431,599
431,599
431,599
431,599
431,599
431,599
431,599
431,599
431,599
431,599
431,599
431,599
431,599
431,599
431,599
431,599
431,599
431,599
431,599
431,599
431,599
431,599
431,599
431,599
431,599
431,598
431,599
431,599
431,599
431,599
431,598
431,599
431,599
431,599
431,599
431,599
431,599
431,599
431,599
431,599
431,599
431,599
431,599
431,599
431,599
431,599
431,599
431,599
431,599
431,599
431,599
431,599
431,599
431,599
431,599
431,599
431,599
431,599
431,599
431,599
431,599
431,599
431,599
431,599
431,599
431,599
431,599
431,599
431,599
431,599
431,599
431,599
431,599
431,599
431,599
431,599
431,599
431,599
431,599
431,599
431,599
431,599
431,599
431,599
431,599
431,599
431,599
431,599
431,599
431,599
431,599
431,599
431,599
431,599
431,599
431,599
431,599
431,599
432,599
431,599
431,599
431,599
431,599
431,599
431,599
431,599
431,599
431,599
431,599
431,599
431,599
431,599
431,599
431,599
431,599
431,599
431,599
431,599
431,599
431,599
431,599
431,599
431,599
431,599
431,599
431,599
431,599
431,599
431,599
431,599
431,599
431,599
431,599
431,599
431,599
431,599
431,599
431,599
431,599
431,599
431,599
431,599
431,599
431,599
431,599
431,599
431,599
431,599
431,599
431,599
431,599
431,599
431,599
431,599
431,599
431,599
431,599
431,599
431,599
431,599
431,599
431,599
431,599
431,599
431,599
431,599
431,599
431,599
431,599
431,599
431,599
431,599
431,599
431,599
431,599
431,599
431,599
431,599
431,599
431,599
431,599
431,599
431,599
431,599
431,599
431,599
431,599
431,599
431,599
431,599
431,599
431,599
431,599
431,599
431,599
431,599
431,599
431,599
431,599
431,599
431,599
431,599
431,599
431,599
431,599
431,599
431,599
431,599
431,599
431,599
431,599
431,599
431,599
431,599
431,599
431,599
431,599
431,599
431,599
431,599
431,599
431,599
431,599
431,599
431,599
431,599
431,599
431,599
431,599
431,599
431,599
431,599
431,599
431,599
431,599
431,599
431,599
431,599
431,599
431,599
431,599
431,599
431,599
431,598
431,599
431,599
431,599
431,599
431,599
431,599
431,599
431,599
431,599
431,599
431,599
431,599
431,599
431,599
431,599
431,599
431,599
431,599
431,599
431,599
431,599
431,599
431,599
431,599
431,599
431,599
431,599
431,599
431,599
431,599
431,599
431,599
431,599
431,599
431,599
431,599
431,599
431,599
431,599
431,599
431,599
431,598
431,599
431,598
431,599
431,597
431,598
431,596
431,599
431,597
431,599
431,598
431,599
431,599
431,598
431,599
431,597
431,599
431,599
431,599
431,599
431,599
431,598
431,599
431,598
431,599
431,599
431,599
431,598
431,599
431,599
431,599
431,599
431,599
431,599
431,599
431,599
431,599
432,599
431,599
431,599
431,599
431,599
431,599
431,599
431,599
431,599
431,599
431,599
431,599
431,599
431,599
431,599
431,599
431,599
431,599
431,599
431,599
431,599
431,599
431,599
431,599
431,599
431,599
431,599
431,599
431,599
431,599
431,599
431,599
431,599
431,599
431,599
431,599
431,599
431,599
431,599
431,599
431,599
431,599
431,599
431,599
431,599
431,599
431,599
431,599
431,599
431,599
431,599
431,599
431,599
431,599
431,599
431,599
431,599
431,599
431,599
431,599
431,599
431,599
431,599
431,599
431,599
431,599
431,599
431,599
431,599
431,599
431,599
431,599
431,599
431,599
431,599
431,599
431,599
431,599
431,599
431,599
431,599
431,599
431,599
431,599
431,599
431,599
431,599
431,599
431,599
431,599
431,599
431,599
431,599
431,599
431,599
431,599
431,599
431,599
431,599
431,599
431,599
431,599
431,599
431,599
431,599
431,599
431,599
431,599
431,599
431,599
431,599
431,599
431,599
431,599
431,599
431,599
431,599
431,599
431,599
431,599
431,599
431,599
431,599
431,599
431,599
431,599
431,599
431,599
431,599
431,599
431,599
431,599
431,599
431,599
431,599
431,599
431,599
431,599
431,599
431,599
431,599
431,599
431,599
431,599
431,599
431,599
431,599
431,599
431,599
431,599
431,599
431,599
431,599
431,599
431,599
431,599
431,599
431,599
431,599
431,599
431,599
431,599
431,599
431,599
431,599
431,599
431,599
431,599
431,599
431,599
431,599
431,599
431,599
431,599
431,599
431,599
431,599
431,599
431,599
431,599
431,599
431,599
431,599
431,599
431,599
431,599
431,599
431,599
431,599
431,599
431,599
431,599
431,599
431,599
431,599
431,599
431,599
431,599
431,599
431,599
431,599
431,599
431,599
431,599
431,599
431,599
431,599
431,599
431,599
431,599
431,599
431,599
431,599
431,599
431,599
431,599
431,599
431,599
431,599
431,599
431,599
431,599
431,599
431,599
431,599
431,599
431,599
431,599
431,599
431,599
431,599
431,599
431,599
431,599
431,599
431,599
431,599
431,599
431,599
431,599
431,599
431,599
431,599
431,599
431,599
431,599
431,599
431,599
431,599
431,599
431,599
431,599
431,599
431,599
431,599
431,599
431,599
431,599
431,599
431,599
431,599
431,599
431,599
431,599
431,599
431,599
431,599
431,599
431,599
431,599
431,599
431,599
431,599
431,599
431,599
431,599
431,599
431,599
431,599
431,599
431,599
431,599
431,599
431,599
431,599
431,599
431,599
431,599
431,599
431,599
431,599
431,599
431,599
431,599
431,599
431,599
431,599
431,599
431,599
431,599
431,599
431,599
431,599
431,599
431,599
431,599
431,599
431,599
431,599
431,599
431,599
431,599
431,599
431,599
431,599
431,599
431,599
431,599
431,599
431,599
431,599
431,599
431,599
431,599
431,599
431,599
431,599
431,599
431,599
431,599
431,599
431,599
432,599
432,600
432,602
432,608
431,627
429,646
427,661
426,671
424,679
421,685
417,691
414,698
413,704
412,710
411,719
410,733
409,745
408,761
407,768
407,770
407,772
407,773
406,773
407,773
406,774
406,774
406,774
407,774
406,775
406,775
406,775
406,775
406,776
407,776
406,776
406,776
406,776
406,776
406,776
406,776
406,776
407,777
406,777
406,780
406,784
404,792
400,799
398,806
396,816
395,821
394,825
394,826
393,826
393,827
393,827
393,827
393,827
393,827
393,827
393,827
393,827
393,828
393,828
393,828
393,828
393,828
393,828
393,828
393,828
393,828
393,828
393,828
393,828
393,828
393,828
393,828
393,828
393,828
393,828
393,828
393,828
393,829
394,828
393,828
393,828
393,828
393,829
393,828
393,828
393,828
393,829
393,828
393,828
393,829
393,829
393,829
393,829
393,829
393,829
393,829
393,829
393,829
393,829
393,829
393,829
393,829
393,829
393,829
393,829
393,829
393,829
393,829
393,829
393,829
393,829
393,829
394,830
393,829
393,829
393,829
393,829
393,829
393,829
393,829
393,829
393,829
393,829
393,829
393,829
393,829
393,829
393,830
393,829
393,829
393,829
393,830
393,830
393,829
393,830
393,829
393,830
393,830
393,830
393,830
393,830
393,830
393,830
393,830
393,830
394,830
393,830
393,829
393,830
393,830
393,830
393,830
393,830
393,830
393,830
393,830
393,830
393,830
393,830
393,830
393,830
393,830
393,830
393,830
393,830
393,830
393,830
393,830
393,830
393,830
393,830
393,830
393,830
393,830
393,830
393,830
393,830
393,830
393,830
393,830
393,830
393,830
393,830
393,830
393,830
393,830
393,830
393,830
393,830
393,829
393,830
393,830
393,830
393,831
393,829
393,830
393,830
393,829
393,830
393,830
393,830
393,830
393,830
393,830
393,830
393,830
393,830
393,830
393,830
393,830
393,831
393,830
393,830
393,830
393,830
393,830
393,830
393,830
393,830
393,830
393,831
393,830
393,830
393,830
393,830
393,830
393,830
393,831
393,830
393,830
393,831
393,829
393,830
393,830
393,830
393,830
393,831
393,830
393,831
393,830
393,830
393,830
393,830
393,830
393,831
393,831
393,830
393,830
393,830
393,830
393,830
393,831
393,831
393,830
393,830
393,831
393,830
393,830
393,831
393,831
393,831
393,831
393,831
393,831
393,830
393,830
393,830
393,831
393,831
393,831
393,831
393,831
393,831
393,830
393,830
393,830
393,830
393,830
393,831
393,831
393,831
393,831
393,831
393,831
393,831
393,830
393,831
393,831
393,831
393,831
393,831
393,831
393,831
393,831
393,831
393,831
393,831
393,831
393,831
393,831
393,831
393,831
393,831
393,831
393,831
393,831
393,831
393,831
393,831
393,830
393,831
393,831
393,831
393,831
393,831
393,831
393,830
393,831
393,831
393,831
393,831
393,831
393,830
393,831
393,831
393,831
393,831
393,831
393,831
393,830
393,830
393,831
393,831
393,831
393,830
393,831
393,831
393,831
393,831
393,831
393,831
393,831
393,831
393,831
393,831
393,831
393,831
393,831
393,830
393,831
393,831
393,831
393,831
393,831
393,831
393,830
393,831
393,830
393,831
393,831
393,831
393,831
393,831
393,831
393,831
393,831
393,831
393,831
393,831
393,831
393,831
393,831
393,831
393,831
393,831
393,831
393,831
393,831
393,831
393,831
393,831
393,831
393,831
393,831
393,831
393,831
393,830
393,831
393,831
393,831
393,831
393,831
393,831
393,831
393,831
393,831
393,831
393,831
393,831
393,831
393,831
393,831
393,831
393,831
393,831
393,831
393,831
393,831
393,831
393,831
393,831
393,830
393,831
393,831
393,831
393,831
393,830
393,831
393,831
393,831
393,831
393,831
393,831
393,831
393,831
393,831
393,831
393,831
393,831
393,831
393,831
393,831
393,831
393,830
393,831
393,831
393,831
393,831
393,830
393,831
393,831
393,830
393,831
393,831
393,831
393,831
393,831
393,831
393,831
393,831
393,831
393,831
393,832
393,831
393,831
393,831
393,831
393,831
393,831
393,831
393,831
393,831
393,831
393,831
393,831
393,831
393,830
393,831
393,831
393,831
393,831
393,830
393,831
393,831
393,830
393,831
393,831
393,831
393,831
393,831
393,830
393,831
393,831
393,832
393,832
392,832
393,833
393,833
393,834
393,834
393,834
393,835
393,835
393,835
393,835
393,835
393,834
393,833
393,833
393,833
393,833
393,833
393,832
393,832
393,832
393,832
393,832
393,833
393,832
393,832
393,833
393,832
393,832
393,832
393,832
393,832
393,832
393,833
393,833
393,833
393,832
393,832
393,832
393,832
393,832
393,832
393,832
393,832
393,833
393,832
393,832
393,832
393,832
393,832
393,832
393,833
393,832
393,832
393,832
393,832
393,832
393,832
393,832
393,832
393,833
393,832
393,832
393,832
393,832
393,832
393,832
393,832
393,833
393,832
393,833
393,833
393,832
393,833
393,833
393,833
393,833
393,832
393,833
393,832
393,832
393,833
393,833
393,833
393,832
393,833
393,833
393,832
393,832
393,833
393,832
393,832
393,833
393,832
393,833
393,832
393,832
393,832
393,833
393,833
393,832
393,832
393,832
393,832
393,832
393,832
393,832
393,832
393,832
393,832
393,832
393,833
393,833
393,833
393,832
393,832
393,832
393,832
393,833
393,832
393,832
393,832
393,832
393,832
393,832
393,833
393,832
393,833
393,832
393,833
393,832
393,832
393,832
393,832
393,833
393,832
393,832
393,833
393,833
393,833
393,832
393,833
393,832
393,833
393,832
393,833
393,833
393,833
393,832
393,832
392,832
393,833
393,832
393,832
393,832
393,833
393,832
393,833
393,832
393,833
393,833
393,833
393,833
393,833
393,832
393,830
393,825
393,822
393,815
394,802
394,794
395,784
396,775
398,766
400,753
401,741
404,719
408,701
411,694
413,681
414,673
416,665
418,661
420,655
421,647
422,645
422,644
423,644
423,645
423,646
423,647
423,647
423,648
423,649
423,651
423,651
423,652
423,654
423,655
423,656
423,657
423,657
423,658
423,659
423,659
423,659
423,659
423,660
423,660
423,660
423,660
423,661
423,661
423,661
423,662
423,662
423,662
423,662
423,662
423,662
423,663
423,663
423,663
423,663
423,663
423,663
423,664
423,664
423,664
423,664
423,664
423,664
423,664
423,665
423,665
423,665
423,665
423,665
423,665
423,666
423,666
423,666
423,666
423,666
423,666
423,666
423,666
423,666
423,667
423,667
423,667
423,667
423,667
423,667
423,667
423,667
423,667
423,667
423,667
423,667
423,667
423,667
423,667
423,667
423,667
423,668
423,668
423,668
423,668
423,668
423,668
423,668
423,668
423,668
423,668
423,668
423,668
423,668
423,668
423,668
423,668
423,668
423,668
423,669
423,668
423,668
423,668
423,669
423,669
423,669
423,669
423,669
423,669
423,669
423,669
423,669
423,669
423,669
423,669
423,669
423,669
423,669
423,669
423,669
423,669
423,669
423,669
423,669
423,669
423,669
423,670
423,670
423,670
423,670
423,670
423,670
423,671
423,675
423,676
422,682
420,686
417,691
415,697
413,703
413,709
412,721
411,731
410,749
409,762
408,769
407,773
407,775
407,776
407,776
407,777
407,777
406,778
406,777
406,778
407,778
406,778
406,778
406,778
407,778
406,779
406,779
406,779
406,779
406,779
406,779
407,779
406,779
407,779
406,779
406,779
406,779
406,780
406,780
406,780
406,780
406,780
406,780
406,780
407,780
406,780
406,780
406,780
407,780
406,780
407,780
406,780
406,780
406,781
407,781
406,781
406,781
406,782
406,786
405,792
403,799
401,805
398,815
396,820
396,825
395,826
395,826
395,827
395,826
396,827
395,827
395,827
395,827
395,827
395,828
395,827
395,828
395,828
395,828
395,828
395,828
395,828
395,828
395,828
395,828
395,828
395,828
395,828
395,828
395,828
395,828
395,828
395,828
395,828
395,828
395,828
395,828
395,829
395,828
395,828
395,828
395,828
395,828
395,828
395,828
395,828
395,828
395,828
395,829
395,828
395,829
395,828
395,829
395,829
395,828
395,828
395,828
395,829
395,828
395,829
395,829
395,829
395,829
395,829
395,829
396,829
395,829
395,829
395,829
395,829
395,829
395,829
395,829
395,829
395,829
395,829
395,829
395,829
395,829
395,829
395,829
395,829
395,829
395,829
395,829
395,829
395,829
395,829
395,829
395,829
395,829
395,829
395,829
395,829
395,829
395,829
395,829
395,829
395,829
395,829
395,829
395,829
395,829
395,829
395,829
395,829
395,829
395,829
395,829
395,829
395,829
395,829
395,829
395,829
395,829
395,829
395,829
395,829
395,829
395,829
395,829
395,829
395,829
395,829
395,829
395,829
395,829
395,829
395,829
395,829
395,829
395,829
395,829
395,829
395,829
395,829
395,829
395,829
395,829
395,829
395,829
395,829
395,829
395,829
395,829
395,830
395,829
395,829
395,829
395,829
395,829
395,829
395,829
395,830
395,829
395,829
395,829
395,829
395,829
395,829
395,829
395,829
395,829
395,829
395,829
395,830
395,829
395,829
395,829
395,829
396,830
395,829
395,829
395,829
395,829
395,829
395,828
395,828
395,829
395,829
395,829
395,830
395,829
395,828
395,829
395,828
395,828
395,829
395,829
395,829
395,829
395,829
395,829
395,828
395,829
395,828
395,829
395,829
395,828
395,829
395,828
395,829
395,829
395,829
395,829
395,829
395,829
395,829
395,829
395,828
395,828
395,829
395,828
395,828
395,829
395,829
395,829
395,829
395,829
395,829
395,828
395,829
395,829
395,829
395,828
395,829
395,829
395,829
395,829
395,829
395,829
395,829
395,829
395,829
395,829
395,829
395,829
395,829
395,829
395,829
395,829
395,829
395,829
395,829
395,829
395,829
395,829
395,829
395,830
395,829
395,829
395,829
395,829
395,829
395,829
395,829
395,829
395,829
395,829
395,829
395,829
395,829
395,829
395,829
395,829
395,829
395,829
395,829
395,829
395,829
395,830
395,829
395,829
395,829
395,829
395,829
395,829
395,829
395,829
395,829
395,829
395,829
395,829
395,829
395,830
395,829
395,830
395,829
395,829
395,829
395,829
395,830
395,829
395,829
395,830
395,829
395,829
395,830
395,829
395,830
395,829
395,829
395,830
395,830
395,830
395,830
395,830
395,829
395,830
395,829
395,830
395,829
395,830
395,829
395,829
395,829
395,829
395,829
395,830
395,830
395,830
395,830
395,829
395,830
395,829
395,830
395,829
395,830
395,829
395,830
395,830
395,829
395,830
395,829
395,830
395,829
395,829
395,830
395,829
395,829
395,829
395,829
395,830
395,830
395,829
395,830
395,829
395,829
395,829
395,830
395,829
395,830
395,830
395,829
395,830
395,829
395,830
395,829
395,830
395,830
395,830
395,829
395,829
395,830
395,830
395,830
395,830
395,829
395,830
395,829
395,829
395,830
395,829
395,830
395,830
395,830
395,830
395,830
395,830
395,830
395,830
395,830
395,829
395,830
395,829
395,830
395,830
395,830
395,829
395,830
395,830
395,830
395,830
395,830
395,830
395,829
395,830
395,830
395,830
395,829
395,830
395,830
395,829
395,829
395,830
395,829
395,830
395,829
395,829
395,830
395,829
395,829
395,828
395,829
395,830
395,829
395,830
395,829
395,828
395,830
395,829
395,829
395,829
395,829
395,829
395,829
395,829
395,828
395,829
395,829
395,829
395,829
395,829
395,829
395,830
395,829
395,829
395,829
395,828
395,828
395,830
395,828
395,829
395,830
395,827
395,830
395,829
395,829
395,829
395,829
395,829
395,830
395,828
395,829
395,830
395,829
395,829
395,829
395,828
395,830
395,829
395,830
395,831
395,831
395,831
395,831
395,832
395,832
395,832
395,832
395,832
395,832
395,831
395,832
395,831
395,831
395,831
395,831
395,831
395,830
395,830
395,831
395,831
395,830
395,831
395,831
395,831
395,831
395,831
395,830
395,831
395,831
395,831
395,831
395,830
395,831
395,831
395,831
395,831
395,831
395,831
395,830
395,831
395,830
395,830
395,831
395,830
395,830
395,831
395,830
395,831
395,830
395,830
395,831
395,831
395,830
395,830
395,830
395,831
395,831
395,831
395,830
395,830
395,831
395,831
395,830
395,831
395,830
395,830
395,831
395,831
395,831
395,831
395,831
395,831
395,830
395,831
395,831
395,830
395,830
395,831
395,831
395,830
395,831
395,831
395,831
395,831
395,831
395,831
395,831
395,830
395,831
395,831
395,831
395,831
395,831
395,831
395,831
395,830
395,831
395,831
395,831
395,831
395,831
395,831
395,831
395,831
395,831
395,831
395,831
395,830
395,831
395,831
395,831
395,831
395,831
395,830
395,831
395,831
395,830
395,831
395,831
395,831
395,831
395,831
395,831
395,831
395,831
395,831
395,831
395,830
395,831
395,831
395,830
395,831
395,831
395,831
395,831
395,831
395,831
395,831
395,830
395,831
395,830
395,831
395,831
395,831
395,831
395,830
395,831
395,831
395,831
395,831
395,831
395,831
395,831
395,831
395,831
395,830
395,831
395,831
395,831
395,831
395,831
395,831
395,831
395,831
395,831
395,831
395,831
395,831
395,831
395,831
395,831
395,831
395,831
395,831
395,831
395,831
395,831
395,831
395,831
395,831
395,830
395,831
395,831
395,831
395,831
395,831
395,831
395,831
395,831
395,831
395,831
395,831
395,831
395,831
395,831
395,831
395,831
395,831
395,830
395,830
395,831
395,831
395,831
395,831
395,831
395,831
395,829
395,826
395,823
395,819
395,812
395,800
396,791
396,780
397,770
399,762
401,748
402,736
405,707
409,698
412,689
413,672
417,646
423,606
426,596
428,579
431,562
434,547
435,537
435,531
436,528
436,524
437,519
437,510
437,511
437,501
437,503
437,504
437,504
437,505
437,504
437,505
437,507
437,507
437,507
437,509
438,509
438,510
437,512
438,511
438,512
438,512
438,512
438,513
438,513
438,513
438,513
438,514
438,514
437,515
438,515
437,517
438,517
438,517
438,518
438,517
437,518
438,517
437,518
437,518
438,518
437,519
437,519
437,519
438,519
437,519
438,519
438,520
438,520
437,520
438,520
437,521
437,521
437,521
437,521
437,521
437,522
438,522
437,523
437,524
437,524
437,524
438,524
438,524
438,525
438,525
437,525
438,525
438,525
437,526
437,526
437,525
438,525
438,526
437,526
437,526
437,526
438,526
437,526
438,526
437,526
437,526
438,526
437,526
437,526
437,527
437,527
437,527
438,527
437,527
438,527
438,527
437,527
437,527
437,527
437,527
437,528
437,528
438,528
437,528
437,528
437,528
437,528
438,528
437,528
438,528
438,532
438,533
438,543
438,555
438,563
435,584
432,595
428,608
426,628
425,663
423,675
421,684
417,693
414,700
413,707
412,718
411,735
409,757
407,767
406,774
404,778
403,781
403,783
403,784
402,784
402,785
402,786
402,786
402,786
402,786
402,787
402,787
402,787
402,788
402,787
402,788
402,788
402,788
402,788
402,788
402,788
402,789
402,789
402,788
402,789
402,789
402,789
402,789
402,789
402,789
402,789
402,789
402,789
402,789
402,789
402,789
402,789
402,790
402,790
402,790
402,790
402,789
402,790
402,790
402,790
402,790
402,790
402,790
402,790
402,790
402,790
402,790
402,790
402,790
402,790
402,790
402,790
402,790
402,790
402,792
401,796
401,801
400,810
398,819
395,827
393,831
390,835
387,837
386,840
385,841
385,841
385,842
384,842
385,842
385,842
385,842
385,842
385,842
384,842
385,841
385,842
384,842
385,842
384,842
384,842
385,842
384,842
384,842
384,842
384,842
384,842
384,842
384,842
384,842
384,842
384,842
384,843
384,842
385,842
384,842
384,842
384,842
384,842
384,842
384,842
384,842
385,842
384,842
384,842
384,842
384,842
384,842
385,842
384,842
385,842
385,842
384,842
384,842
384,842
384,842
384,842
384,842
384,842
385,842
385,842
385,842
384,842
384,842
385,843
384,843
384,842
384,842
384,842
384,842
384,842
384,842
384,843
384,842
384,842
384,842
384,842
384,842
384,841
385,842
384,842
384,842
384,842
384,842
384,843
384,842
384,842
384,842
384,842
384,842
384,842
384,842
384,842
384,842
384,843
384,842
384,842
384,842
384,842
384,842
384,842
384,842
384,842
385,842
384,842
384,842
385,842
385,842
384,842
384,842
384,842
384,842
385,842
384,842
384,842
385,842
385,842
384,842
384,842
384,842
385,842
384,842
384,842
384,842
384,842
384,842
384,842
385,842
384,842
385,842
384,842
384,842
385,842
384,842
384,842
384,842
384,842
384,842
384,842
384,842
384,842
384,842
384,842
384,842
384,842
384,842
384,842
384,843
384,842
384,842
385,842
384,842
385,842
384,842
384,842
384,842
384,842
384,842
385,843
384,842
384,842
385,843
385,842
384,842
384,842
384,842
384,842
385,842
384,842
384,843
384,842
385,842
385,842
384,843
384,842
384,843
385,842
384,842
385,842
384,842
384,842
385,842
384,842
385,843
384,842
385,842
384,842
384,842
385,843
385,842
384,842
384,843
384,842
384,842
384,842
384,842
384,842
384,843
384,842
384,843
385,842
384,841
384,842
384,842
384,842
384,842
384,843
384,842
384,842
384,842
384,842
384,842
384,842
384,842
384,842
384,842
384,842
384,842
385,842
384,842
384,842
384,842
384,842
384,842
384,843
384,842
384,842
384,842
384,841
384,842
384,842
384,842
384,842
384,842
384,842
384,842
384,842
384,842
384,842
384,843
384,842
384,842
384,842
384,841
384,842
384,842
384,842
384,842
384,842
384,843
384,842
384,842
384,842
384,842
384,842
384,842
384,842
384,842
384,842
384,842
384,842
384,842
384,842
384,843
384,842
384,842
384,843
384,842
384,842
384,842
384,842
384,842
384,842
384,842
384,842
384,842
384,842
384,842
384,842
384,843
384,842
384,842
384,843
384,842
384,842
384,842
384,843
384,842
384,843
384,842
384,842
384,842
384,842
384,842
384,842
384,842
384,842
384,842
384,843
384,843
384,843
384,843
384,842
384,843
384,842
384,843
384,843
384,842
384,843
384,842
384,842
384,842
384,842
384,842
384,843
384,843
384,843
384,843
384,843
384,842
384,842
384,842
384,843
384,842
384,842
384,842
384,843
384,842
384,843
384,843
384,843
384,843
384,842
384,842
384,842
384,842
384,843
384,843
384,842
384,843
384,842
384,843
384,843
384,843
384,842
384,842
384,843
384,843
384,843
384,843
384,843
384,843
384,842
384,842
384,843
384,843
384,843
384,843
384,842
384,843
384,842
384,843
384,843
384,843
384,843
384,843
384,843
384,843
384,842
384,843
384,842
384,843
384,843
384,843
384,843
384,842
384,843
384,843
384,842
384,842
384,843
384,842
385,843
384,842
384,843
384,842
384,843
384,843
384,843
384,842
384,842
384,843
384,843
384,843
384,842
384,842
384,842
384,843
384,843
384,843
384,843
384,843
384,842
384,842
384,842
384,843
384,843
384,843
384,843
384,843
384,843
384,843
384,843
384,843
384,842
384,843
384,842
384,842
384,843
384,843
384,842
384,842
384,843
384,843
384,842
384,843
384,842
384,843
384,842
384,843
384,843
384,842
384,842
384,843
384,843
384,843
384,843
384,842
384,842
384,842
384,842
384,842
384,843
384,842
384,842
384,843
384,842
384,842
384,842
384,843
384,842
384,842
384,842
384,842
384,842
384,842
384,842
384,841
384,842
384,842
384,842
384,843
384,842
384,842
384,843
384,842
384,842
384,843
384,842
384,843
384,842
384,842
384,843
384,842
384,842
384,843
384,842
384,842
384,843
384,843
384,843
384,845
384,844
384,845
384,845
384,845
384,846
384,845
384,846
384,846
384,844
384,844
384,844
384,844
384,844
384,844
384,844
384,844
384,844
384,844
384,844
384,844
384,844
384,844
384,844
384,844
384,844
384,844
384,844
384,844
384,844
384,844
384,844
384,844
384,844
384,844
384,844
384,844
384,844
384,844
384,844
384,844
384,844
384,844
384,844
384,844
384,844
384,844
384,844
384,844
384,844
384,844
384,844
384,844
384,844
384,844
384,844
384,844
384,844
384,844
384,844
384,843
384,844
384,844
384,843
384,844
384,844
384,844
384,844
384,844
384,843
384,844
384,844
384,844
384,844
384,844
384,844
384,844
384,844
384,844
384,844
384,844
384,843
384,844
384,844
384,844
384,844
384,844
384,844
384,844
384,844
384,844
384,843
384,844
384,844
384,844
384,844
384,844
384,844
384,843
384,844
384,844
384,844
384,844
384,843
384,844
384,844
384,844
384,844
384,844
384,844
384,844
384,844
384,844
384,844
384,844
384,844
384,844
384,844
384,844
384,844
384,844
384,844
384,844
384,844
384,844
384,843
384,844
384,844
384,844
384,844
384,844
384,844
384,844
384,843
384,844
384,844
384,844
384,844
384,844
384,844
384,844
384,844
384,844
384,844
384,843
384,844
384,844
384,843
384,844
384,844
384,843
384,844
384,844
384,844
384,844
384,844
384,843
384,843
384,843
384,844
384,844
384,844
384,844
384,844
384,843
384,844
384,843
384,843
384,843
384,844
384,844
384,844
384,844
384,844
384,844
384,842
384,844
384,844
384,843
384,844
384,844
384,843
384,843
384,842
384,841
384,839
384,837
385,833
387,826
388,820
389,810
390,797
392,787
393,782
394,778
394,775
395,774
395,773
395,773
395,772
395,773
395,773
395,773
395,773
395,773
395,773
395,773
395,774
395,774
395,774
395,774
395,774
395,774
395,774
395,774
395,774
395,774
395,774
395,774
395,775
395,774
395,775
395,775
395,775
395,774
395,774
395,775
395,775
395,775
395,775
395,775
395,775
395,775
395,775
395,776
395,776
395,776
395,776
395,776
395,776
395,776
395,776
395,776
395,776
395,776
395,776
395,776
395,776
395,776
395,776
395,776
395,776
395,776
395,776
395,776
395,776
395,776
395,776
395,776
395,776
395,776
395,776
395,776
395,777
395,777
395,776
395,776
395,777
395,777
395,777
395,777
395,776
395,777
395,777
395,777
395,777
395,777
395,777
395,777
395,777
395,777
395,777
395,777
395,777
395,777
395,777
395,777
395,777
395,777
395,777
395,777
395,777
395,777
395,777
395,777
395,777
395,777
395,777
395,777
395,777
395,777
395,777
395,777
395,777
395,777
395,777
395,777
395,777
395,777
395,777
395,777
395,777
395,777
395,777
395,777
395,777
395,777
395,778
395,777
395,777
395,777
395,777
395,777
395,777
395,777
395,777
395,778
395,777
395,777
395,777
395,777
395,778
395,777
395,777
395,777
395,778
395,777
395,777
395,778
395,778
395,777
395,777
395,777
395,778
395,777
395,777
395,777
395,778
395,777
395,777
395,778
395,778
395,777
395,778
395,778
395,778
395,778
395,778
395,778
395,778
395,778
395,778
395,778
395,777
395,778
395,778
395,778
395,778
395,778
395,778
395,778
395,778
395,778
395,778
395,777
395,778
395,778
395,777
395,778
395,778
395,778
395,778
395,778
395,778
395,778
395,778
395,778
395,777
395,777
395,778
395,778
395,778
395,778
395,778
395,777
395,778
395,778
395,777
395,778
395,777
395,778
395,778
395,778
395,778
395,778
395,778
395,777
395,778
395,778
395,778
395,778
395,778
395,778
395,778
395,778
395,778
395,778
395,778
395,778
395,778
395,778
395,778
395,778
395,778
395,778
395,778
395,778
395,778
395,778
395,778
395,777
395,778
395,778
395,778
395,778
395,778
395,778
395,778
395,778
395,778
395,778
395,777
395,778
395,778
395,778
395,778
395,778
395,778
395,778
395,779
395,778
395,778
395,778
395,778
395,778
395,778
395,778
395,778
395,778
395,778
395,778
395,778
395,778
395,778
395,778
395,778
395,778
395,778
395,778
395,778
395,778
395,779
396,780
396,783
396,786
396,792
396,799
396,809
395,820
393,828
390,833
388,838
384,842
380,847
377,853
375,856
374,858
373,860
373,860
373,860
373,860
372,861
372,860
372,861
372,861
372,861
372,860
372,860
372,861
372,861
372,861
372,860
372,861
372,861
372,860
372,861
372,861
372,861
372,861
372,861
372,861
372,861
372,861
372,861
372,861
372,861
372,861
372,861
372,861
372,861
372,861
372,861
372,861
372,862
372,861
372,861
372,861
372,861
372,861
372,861
372,861
372,861
372,861
372,861
372,861
372,861
372,861
372,861
372,861
372,861
372,861
372,861
372,861
372,861
372,861
372,861
372,861
372,861
372,861
372,861
372,861
372,861
372,861
372,861
372,861
372,861
372,861
372,861
372,861
372,861
372,861
372,861
372,861
372,861
372,861
372,861
372,861
372,862
372,861
372,861
372,862
372,861
372,861
372,862
372,861
372,861
372,861
372,861
372,861
372,861
372,861
372,861
372,861
372,862
372,861
372,861
372,861
372,861
372,862
372,861
372,861
372,861
372,862
372,861
372,862
372,861
372,861
372,861
372,862
372,861
372,861
372,861
372,862
372,861
372,861
372,861
372,861
372,861
372,861
372,861
372,861
372,861
372,862
372,861
372,861
372,861
372,861
372,861
372,861
372,861
372,861
372,861
372,861
372,862
372,861
372,861
372,862
372,861
372,861
372,861
372,862
372,861
372,861
372,861
372,861
372,862
372,861
372,861
372,861
372,861
372,861
372,862
372,861
372,862
372,862
372,861
372,862
372,861
372,862
372,861
372,862
372,862
372,861
372,862
372,861
372,861
372,861
372,861
372,861
372,861
372,861
372,861
372,861
372,861
372,861
372,861
372,861
372,861
372,861
372,861
372,861
372,861
372,861
371,860
372,861
372,861
372,861
372,862
372,861
372,862
372,861
372,861
372,861
371,861
372,861
372,861
372,861
372,861
372,861
371,861
371,861
371,861
372,861
371,861
371,861
371,861
371,861
371,861
371,860
371,861
371,861
371,861
371,862
371,861
371,862
371,861
371,861
371,861
371,861
371,861
371,861
371,861
371,861
371,862
371,861
371,861
371,861
371,861
371,861
371,861
371,861
371,861
371,862
371,861
371,861
371,861
371,861
371,861
371,862
371,862
371,861
371,862
371,861
371,861
371,861
371,862
371,861
371,862
371,862
370,861
371,861
371,861
371,861
371,861
371,861
371,862
371,862
370,861
371,862
371,862
371,860
371,861
371,861
371,861
371,861
371,862
371,860
371,861
371,862
371,861
371,862
371,861
371,861
371,861
371,861
371,861
371,861
371,862
371,861
371,861
371,862
371,861
370,861
371,862
371,862
371,862
371,861
371,862
371,862
371,861
371,862
371,862
371,862
371,862
371,862
371,861
371,861
371,862
371,862
371,861
371,861
371,861
371,862
371,862
371,861
371,862
371,862
371,862
371,862
371,862
371,861
371,861
371,861
371,861
371,862
371,862
371,861
371,861
371,862
371,862
371,861
371,862
371,861
371,862
371,862
371,861
371,862
371,862
371,861
371,861
371,861
371,862
371,862
371,861
371,861
371,862
371,862
371,862
371,861
371,862
371,862
371,862
371,862
371,861
371,862
371,862
371,862
371,862
371,861
371,862
371,861
371,861
371,862
371,862
371,862
371,861
371,862
371,861
371,862
371,862
371,861
371,862
371,862
371,862
371,862
371,861
371,862
371,862
371,862
371,862
371,862
371,862
371,862
371,862
371,862
371,862
371,861
371,862
371,861
371,862
371,862
371,862
371,862
371,862
371,862
371,862
371,861
371,862
371,862
371,862
371,861
371,862
371,862
371,862
371,861
371,862
371,862
371,862
371,862
371,861
371,862
371,862
371,862
371,861
371,861
371,862
371,861
371,861
371,862
371,862
371,862
371,861
371,862
371,862
371,861
371,862
371,861
371,862
371,861
371,861
371,862
371,861
371,861
371,862
371,862
371,861
371,862
371,861
371,862
371,861
371,861
371,862
371,860
371,861
371,862
371,861
371,861
371,862
371,861
371,862
371,862
371,861
371,862
371,862
371,862
371,861
371,862
371,861
371,861
371,862
371,860
371,861
371,861
370,861
370,862
371,861
371,861
370,861
370,861
371,862
370,862
371,861
370,861
370,861
370,861
371,862
370,862
370,860
371,862
371,861
370,862
370,863
370,862
370,862
370,863
370,862
370,862
370,862
370,862
370,863
370,862
370,862
371,862
370,862
370,862
370,863
370,862
370,862
370,863
370,863
370,863
370,863
370,863
370,863
370,862
370,863
370,863
370,862
370,863
370,863
370,862
370,863
370,863
370,863
370,863
370,863
370,863
370,863
370,863
370,863
370,863
370,863
370,863
370,863
370,863
370,863
370,863
370,863
370,863
370,863
370,863
370,862
370,863
370,863
370,863
370,863
370,863
371,863
370,863
370,863
370,863
370,863
370,862
370,862
370,863
370,863
370,863
370,863
370,862
371,863
370,863
370,863
370,863
370,863
370,863
370,863
370,863
370,863
370,863
370,863
370,863
370,862
370,862
370,862
370,862
370,863
371,863
370,862
370,863
370,862
370,863
370,862
370,863
370,863
370,863
370,862
370,862
370,863
370,863
370,863
370,863
370,863
370,863
370,863
370,863
370,862
370,862
370,862
370,862
370,862
370,862
371,863
370,862
370,862
370,862
370,862
370,862
370,862
370,862
370,862
370,862
370,862
370,862
370,862
370,862
370,862
370,862
370,862
370,862
370,862
370,862
370,862
370,862
370,862
370,862
370,862
370,862
370,862
370,863
370,863
370,862
370,862
371,862
370,862
370,862
370,862
370,862
370,862
370,862
370,862
370,862
370,862
370,862
370,862
370,862
370,862
370,862
370,862
370,862
370,862
370,863
370,862
370,862
370,862
370,862
370,862
370,862
370,862
370,862
370,862
370,862
370,862
370,862
370,862
370,862
370,862
370,862
370,863
370,862
370,862
370,863
370,862
370,863
370,862
370,862
370,862
370,862
370,862
370,862
370,862
371,862
370,862
370,862
370,862
370,862
370,862
370,862
370,863
370,862
370,862
370,862
370,862
370,862
370,862
370,862
370,862
370,862
370,863
370,862
370,862
370,862
370,862
370,863
370,862
370,862
370,862
370,862
370,862
370,862
370,862
370,862
370,862
370,862
370,862
370,862
370,862
370,862
370,862
370,861
370,861
370,858
370,855
371,852
375,847
378,842
381,837
382,835
383,831
383,829
384,828
384,827
384,828
384,828
384,828
384,828
384,828
384,828
384,828
384,828
384,828
384,828
384,828
384,828
384,828
384,829
384,829
384,829
384,829
384,829
384,829
384,829
384,829
384,829
384,827
385,823
386,817
387,809
389,796
390,788
392,781
393,775
394,772
395,770
395,768
396,768
396,768
396,765
398,759
400,750
401,743
402,724
405,703
408,695
411,685
413,668
416,643
421,603
426,591
428,579
430,558
432,545
433,535
434,532
435,526
435,524
436,522
436,521
436,518
436,518
436,517
436,517
436,517
436,516
436,517
436,517
436,517
436,517
436,518
436,519
436,519
436,518
436,519
436,519
436,520
436,520
436,521
436,521
436,521
436,521
436,521
436,521
436,521
436,521
436,522
436,522
436,522
436,522
436,522
436,522
436,522
436,522
436,522
436,522
436,523
436,523
436,523
436,523
436,523
436,523
436,523
436,524
436,524
436,525
436,526
436,526
436,526
436,526
436,526
436,526
436,527
436,527
436,527
436,527
436,527
436,527
436,527
436,527
436,527
436,527
436,527
436,526
436,527
436,527
436,527
436,527
436,528
436,528
436,528
436,528
436,528
436,528
436,529
436,529
436,529
436,530
436,530
436,530
436,530
436,530
436,531
436,531
436,531
436,531
436,531
436,531
436,531
436,531
436,532
436,532
436,532
436,532
436,533
436,533
436,533
436,533
436,533
436,533
436,533
436,533
436,533
436,533
436,533
436,533
436,533
436,533
436,533
436,533
436,533
436,534
436,533
436,533
436,533
436,533
436,534
436,534
436,534
436,534
436,535
436,534
436,534
436,534
436,535
436,535
436,535
436,535
436,535
436,535
436,535
436,536
436,535
436,537
437,538
437,547
437,555
436,562
434,576
431,592
428,600
426,619
425,659
423,672
419,681
415,691
413,698
412,705
411,713
410,737
409,752
407,762
406,768
405,771
405,772
405,774
404,774
404,775
404,775
404,775
404,775
404,775
405,776
404,776
404,776
404,776
404,776
404,777
404,776
404,777
404,777
404,777
404,777
404,777
404,777
404,777
404,777
404,778
404,778
404,778
404,778
404,777
404,778
404,778
404,778
404,778
404,778
404,779
404,778
404,778
404,779
404,779
404,779
404,779
404,779
404,778
404,778
404,779
404,779
404,779
404,779
404,779
404,779
404,779
404,779
404,779
404,779
404,779
404,779
404,779
404,779
404,780
404,780
404,779
404,779
404,779
404,780
404,780
404,780
404,780
404,780
404,780
404,780
404,780
404,780
404,779
404,780
404,780
404,780
404,780
404,780
404,780
404,780
404,780
404,780
404,780
404,780
404,780
404,780
404,780
404,780
404,780
404,780
404,780
404,780
404,781
404,780
404,781
404,781
404,780
404,780
404,781
404,781
404,780
404,781
404,781
404,781
404,781
404,780
404,781
404,781
404,781
404,780
404,781
404,780
404,781
404,781
404,781
404,782
404,784
403,790
402,797
401,804
398,813
395,822
393,829
389,835
388,837
387,839
387,840
386,839
386,841
386,841
386,841
386,841
386,841
386,841
386,840
386,841
386,841
386,841
386,841
386,841
386,841
386,842
386,842
386,841
386,841
386,841
386,842
386,841
386,842
386,842
386,842
386,842
386,842
386,841
386,842
386,842
386,842
386,842
386,842
386,841
386,842
386,842
386,842
386,842
386,842
386,842
386,842
386,841
386,842
386,842
386,842
386,842
386,842
386,842
386,842
386,842
386,842
386,842
386,842
386,842
386,842
386,842
386,842
386,842
386,842
386,842
386,842
386,842
386,842
386,842
386,842
386,842
386,842
386,842
386,842
386,842
386,842
386,842
386,842
386,842
386,842
386,842
386,842
386,842
386,842
386,842
386,842
386,842
386,842
386,842
386,843
386,842
386,842
386,842
386,842
386,842
386,842
386,842
386,843
386,842
386,842
386,842
386,842
386,842
386,842
386,843
386,842
386,842
386,842
386,842
386,842
386,842
386,842
386,842
386,843
386,842
386,842
386,843
386,842
386,842
386,842
386,843
386,842
386,842
386,842
386,842
386,842
386,842
386,843
386,842
386,842
386,842
386,843
386,842
386,842
386,842
386,842
386,842
386,842
386,843
386,842
386,842
386,842
386,842
386,842
386,842
386,842
386,842
386,843
386,842
386,842
386,842
386,842
386,842
386,842
386,842
386,842
386,842
386,842
386,842
386,842
386,842
386,842
386,842
386,842
386,842
386,842
386,842
386,842
386,842
386,842
386,842
386,842
386,842
386,842
386,842
386,841
386,842
386,842
386,842
386,842
386,842
386,842
386,842
386,842
386,842
385,842
385,842
386,843
386,842
386,842
385,842
386,842
386,842
386,842
386,842
386,842
386,842
386,843
386,842
386,841
386,842
386,841
385,842
385,842
385,842
386,842
385,842
385,842
385,842
386,842
385,842
385,842
386,843
385,842
385,842
385,842
385,842
385,842
385,842
385,842
385,842
385,842
385,842
385,842
385,842
385,842
385,842
386,842
385,843
385,842
385,842
385,842
385,842
385,842
385,842
385,843
385,842
385,843
385,842
385,843
385,842
385,842
385,842
385,842
385,842
385,843
385,843
385,843
385,843
385,842
385,842
385,842
385,843
385,843
385,843
385,843
385,843
385,842
385,842
385,842
385,843
385,842
385,842
385,843
385,842
385,843
385,842
385,842
385,843
385,843
385,843
385,843
385,842
385,842
385,843
385,843
385,842
385,842
385,843
385,843
385,843
385,842
385,842
385,843
385,843
385,843
385,843
385,842
385,843
385,843
385,843
385,843
385,843
385,843
385,843
385,843
385,842
385,843
385,843
385,843
385,843
385,843
385,843
385,843
385,843
385,843
385,843
385,843
385,842
385,843
385,843
385,843
385,842
385,843
385,843
385,843
385,843
385,843
385,843
385,843
385,842
385,843
385,843
385,843
385,843
385,843
385,843
385,843
385,843
385,843
385,843
385,843
385,843
385,843
385,843
385,843
385,843
385,843
385,843
385,842
385,843
385,843
385,843
385,843
385,843
385,843
385,843
385,843
385,843
385,843
385,843
385,843
385,843
385,843
385,843
385,843
385,843
385,843
385,843
385,843
385,843
385,843
385,843
385,843
385,843
385,843
385,842
385,843
385,843
385,843
385,843
385,843
385,843
385,843
385,843
385,842
385,843
385,843
385,843
385,843
385,842
385,843
385,843
385,843
385,843
385,842
385,843
385,843
385,843
385,842
385,843
385,843
385,843
385,843
385,842
385,843
385,842
385,843
385,843
385,842
385,843
385,843
385,842
385,843
385,843
385,842
385,842
385,843
385,843
385,842
385,842
385,843
385,842
385,842
385,842
385,843
385,842
385,842
385,843
385,843
385,842
385,842
385,843
385,842
385,843
385,843
385,843
385,843
385,842
385,842
385,842
385,842
385,843
385,843
385,842
385,842
386,843
385,842
385,843
385,842
385,842
385,842
385,842
385,843
385,843
385,841
385,843
385,842
385,842
385,842
385,843
385,844
385,846
385,845
385,844
385,845
385,845
385,846
385,846
385,846
385,847
385,846
385,846
385,846
385,845
385,845
385,845
385,845
385,845
385,845
385,845
385,845
385,845
385,845
385,845
385,845
385,845
385,846
385,845
385,845
385,845
385,845
385,845
385,844
385,844
385,844
385,844
385,844
385,844
385,844
385,844
385,844
385,844
385,844
385,844
385,844
385,844
385,844
385,845
385,844
385,844
385,844
385,844
385,844
385,844
385,844
385,844
385,844
385,844
385,844
385,844
385,843
385,844
385,844
385,844
385,844
385,844
385,844
385,844
385,844
385,844
385,844
385,844
385,844
385,844
385,844
385,844
385,844
385,844
385,844
385,844
385,844
385,844
385,844
385,844
385,844
385,844
385,844
385,844
385,844
385,844
385,844
385,844
385,844
385,844
385,844
385,844
385,844
385,844
385,844
385,844
385,844
385,844
385,844
385,844
385,844
385,844
385,844
385,844
385,844
385,844
385,844
385,844
385,844
385,844
385,844
385,844
385,844
385,844
385,844
385,844
385,844
385,844
385,844
385,844
385,844
385,844
385,844
385,844
385,844
386,844
385,844
385,844
385,844
385,844
385,844
385,844
385,844
385,844
385,844
385,843
385,844
385,844
385,844
385,844
385,844
385,844
385,844
385,844
385,844
385,844
385,844
385,844
385,844
385,843
385,843
385,841
385,838
385,836
386,832
388,826
388,815
389,803
391,793
392,785
393,779
394,774
395,771
396,769
396,769
396,769
396,769
396,769
396,769
396,769
396,769
396,769
396,770
396,770
396,770
396,770
396,770
396,770
396,770
396,770
396,771
396,770
396,771
396,771
396,771
396,771
396,770
397,764
399,754
401,747
402,736
405,709
408,699
411,691
413,674
416,657
421,610
426,598
428,584
430,569
432,550
433,542
434,535
435,530
435,527
436,526
436,525
436,524
436,525
436,525
436,525
436,525
436,524
436,524
436,524
436,524
436,524
436,524
436,525
436,525
436,524
436,524
436,524
436,525
436,525
436,526
436,526
436,526
436,526
436,525
436,526
436,526
436,526
436,527
436,528
436,528
436,528
436,528
436,528
436,529
436,529
436,529
436,529
436,529
436,529
436,530
436,530
436,530
436,530
436,530
436,530
436,531
436,531
436,531
436,531
436,531
436,531
436,531
436,531
436,531
436,532
436,532
436,532
436,532
436,532
436,532
436,532
436,533
436,532
436,532
436,533
436,533
436,533
436,533
436,533
436,533
436,533
436,533
436,533
436,533
436,533
436,533
436,533
436,533
436,533
436,534
436,534
436,534
436,534
436,534
436,534
436,534
436,534
436,534
436,534
436,534
436,535
436,534
436,535
436,535
436,535
436,535
436,535
436,535
436,535
436,535
436,536
436,536
436,535
436,535
436,536
436,536
436,536
436,536
436,536
436,536
436,536
436,536
436,536
436,536
436,536
436,536
436,536
436,536
436,536
436,536
436,537
436,536
436,537
436,536
436,536
436,537
436,537
436,537
436,537
436,537
436,537
436,537
436,537
436,537
436,537
436,537
436,537
436,537
436,538
436,537
436,538
436,538
436,538
436,538
436,538
436,538
436,538
436,538
436,538
436,538
436,538
436,538
436,538
436,538
436,538
436,538
436,538
436,539
436,539
436,539
436,538
436,539
436,538
436,538
436,539
436,539
436,539
436,539
436,539
436,539
436,539
436,539
436,539
436,539
436,539
436,539
436,539
436,539
436,539
436,539
436,539
436,539
436,539
436,539
436,539
436,539
436,539
436,539
436,539
436,539
436,539
436,539
436,539
436,539
436,539
436,540
436,539
436,540
436,540
436,539
436,540
436,539
436,539
436,539
436,539
436,539
436,540
436,540
436,540
436,540
436,540
436,540
436,540
436,540
436,540
436,540
436,540
436,540
436,540
436,540
436,540
436,540
436,540
436,540
436,540
436,540
436,540
436,540
436,540
436,540
436,540
436,540
436,540
436,540
436,541
436,540
436,540
436,541
436,540
436,540
436,541
436,541
436,541
436,540
436,541
436,541
436,541
436,541
436,541
436,541
436,541
436,541
436,541
436,541
436,541
436,541
436,541
436,541
436,541
436,541
436,541
436,542
436,541
436,541
436,541
436,542
436,542
436,542
436,542
436,542
436,542
436,542
436,542
436,542
436,542
436,542
436,542
436,542
436,542
436,542
436,542
436,542
436,542
436,542
436,542
436,542
436,542
436,543
436,542
436,542
436,543
436,543
436,543
436,543
436,543
436,543
436,543
436,543
436,543
436,543
436,543
436,543
436,543
436,543
436,543
436,543
436,543
436,543
436,543
436,543
436,543
436,543
436,543
436,543
436,543
436,543
436,543
436,543
