0, 3ÿ439,373
0, 439,373
0, 439,373
0, 439,373
0, 439,373
0, 439,373
0, 439,373
0, 439,373
0, 439,373
0, 439,372
0, 439,373
0, 439,373
0, 439,372
0, 439,373
0, 439,372
0, 439,374
0, 439,371
0, 439,372
0, 439,371
0, 439,373
0, 439,373
0, 439,373
0, 439,374
0, 439,372
0, 439,370
0, 439,369
0, 439,365
0, 439,367
0, 439,364
0, 439,368
0, 439,368
0, 439,367
0, 439,367
0, 439,367
0, 439,366
0, 439,367
0, 439,368
0, 439,368
0, 439,368
0, 439,367
0, 439,367
0, 439,369
0, 439,366
0, 439,360
0, 439,367
0, 439,370
0, 439,369
0, 439,370
0, 439,335
0, 439,365
0, 439,344
0, 439,367
0, 439,366
0, 439,365
0, 439,368
0, 439,354
0, 439,366
0, 439,348
0, 439,365
0, 439,366
0, 439,365
0, 439,366
0, 439,366
0, 439,369
0, 439,360
0, 439,365
0, 439,361
0, 439,363
0, 439,363
0, 439,365
0, 439,363
0, 439,364
0, 439,365
0, 439,363
0, 439,365
0, 439,365
0, 439,365
0, 439,365
0, 439,365
0, 439,366
0, 439,367
0, 439,363
0, 439,367
0, 439,364
0, 439,348
0, 439,363
0, 439,361
0, 439,362
0, 439,364
0, 439,364
0, 439,363
0, 439,364
0, 439,363
0, 439,366
0, 439,364
0, 439,364
0, 439,363
0, 439,364
0, 439,364
0, 439,366
0, 439,368
0, 439,368
0, 439,368
0, 439,368
0, 439,368
0, 439,368
0, 439,368
0, 439,368
0, 439,368
0, 439,368
0, 439,366
0, 439,368
0, 439,348
0, 439,364
0, 439,367
0, 439,365
0, 439,362
0, 439,365
0, 439,364
0, 439,366
0, 439,364
0, 439,365
0, 439,366
0, 439,366
0, 439,365
0, 439,365
0, 439,363
0, 439,359
0, 439,342
0, 439,368
0, 439,349
0, 439,361
0, 439,370
0, 439,361
0, 439,365
0, 439,342
0, 439,359
0, 439,364
0, 439,362
0, 439,360
0, 439,362
0, 439,364
0, 439,365
0, 439,367
0, 439,367
0, 439,367
0, 439,366
0, 439,366
0, 439,365
0, 439,366
0, 439,366
0, 439,367
0, 439,367
0, 439,367
0, 439,367
0, 439,367
0, 439,367
