0ü621,285
621,285
620,286
620,286
621,286
620,286
620,286
621,286
621,285
621,286
621,285
620,286
621,286
620,285
621,286
620,286
621,285
620,285
620,285
620,286
620,286
620,286
621,286
620,286
620,285
621,285
621,286
621,286
621,285
620,285
620,285
620,285
621,285
621,286
620,285
620,285
620,286
621,285
620,285
621,285
621,285
620,286
621,285
620,285
621,285
620,286
621,286
620,285
620,285
621,286
620,286
620,286
621,286
621,285
621,286
621,286
621,286
620,285
621,285
620,285
620,285
621,285
620,286
621,286
620,285
621,286
621,286
620,286
621,285
620,285
620,285
620,286
621,285
620,285
621,286
621,286
620,285
620,286
621,286
620,285
621,286
621,285
620,286
620,285
621,286
621,285
620,286
620,285
621,286
620,286
621,286
621,286
621,285
620,285
620,286
621,286
620,286
621,279
621,283
620,282
621,284
620,284
620,283
620,284
620,284
621,283
621,284
620,285
621,284
620,285
621,284
620,284
621,285
621,285
621,284
621,285
621,285
620,285
620,284
621,284
621,269
620,279
621,278
621,281
620,281
620,281
621,282
620,282
621,282
621,283
621,283
620,282
620,283
620,283
620,283
621,283
621,284
620,284
620,283
621,284
621,284
620,284
621,284
621,284
620,281
620,281
621,281
620,282
620,283
620,281
621,283
620,284
621,284
621,284
620,284
620,281
621,281
621,282
620,282
621,283
621,284
621,283
620,284
621,283
621,283
620,284
621,283
620,283
620,284
621,284
621,284
621,284
620,284
620,283
621,284
620,284
620,284
621,284
620,284
620,284
621,284
620,284
621,284
621,284
621,284
620,284
621,284
621,284
621,284
621,284
621,284
620,284
621,284
621,284
621,283
621,284
621,283
621,284
620,283
621,284
621,284
621,284
621,284
620,284
620,283
620,284
621,284
621,284
621,284
621,284
621,284
620,284
621,284
621,284
621,284
621,284
621,284
621,284
621,284
620,284
621,284
621,284
620,285
620,284
621,284
621,284
621,284
621,285
621,284
620,284
621,284
621,284
620,284
621,284
620,284
620,284
620,284
621,284
621,285
621,285
621,285
621,284
621,284
620,284
621,285
621,284
621,284
621,284
621,285
621,284
620,285
621,285
621,284
620,284
621,284
621,284
621,284
620,284
620,285
620,284
620,285
621,285
620,284
620,285
621,285
621,285
620,284
620,284
620,285
621,285
621,284
620,284
620,284
621,285
620,285
620,284
620,285
621,284
621,285
620,285
621,285
621,284
620,284
621,285
620,284
621,285
620,285
621,285
621,285
620,285
621,285
621,284
620,284
621,284
621,284
620,284
621,285
621,284
620,285
620,285
620,285
621,284
621,285
621,285
621,285
620,285
620,285
621,285
620,285
620,284
621,284
621,285
621,285
621,285
621,285
621,284
621,283
620,281
620,276
620,279
621,262
620,280
621,267
621,278
620,278
621,280
620,275
621,280
621,268
621,278
621,273
621,279
620,279
620,281
620,281
620,282
621,282
621,283
621,282
620,283
621,281
621,282
621,282
620,282
620,282
620,283
620,280
621,283
621,281
621,283
620,282
620,283
620,281
621,282
621,281
621,282
621,282
621,283
620,283
620,283
621,282
621,283
620,283
620,284
620,283
620,283
621,284
621,283
621,284
621,283
621,284
621,284
620,283
620,284
621,282
621,283
620,282
621,283
621,283
621,284
620,284
621,284
620,284
621,284
621,283
620,284
621,284
621,284
621,284
620,284
620,284
621,284
621,283
620,283
620,283
621,280
620,282
620,280
621,283
621,283
620,283
620,282
620,283
621,281
620,281
621,281
621,279
620,281
620,281
621,283
620,282
620,283
621,282
621,283
621,282
621,283
620,269
621,280
620,207
621,282
621,213
620,275
620,270
620,278
621,275
621,278
621,280
620,281
621,281
621,281
621,282
620,281
621,281
621,280
621,282
620,280
620,280
620,280
621,281
621,282
620,281
621,281
621,281
621,281
620,282
621,282
620,282
621,282
621,283
620,281
620,282
621,281
621,283
621,283
620,283
621,283
621,282
621,282
621,280
621,266
620,279
620,270
620,277
621,278
621,278
621,276
621,279
621,276
620,279
620,279
621,280
621,276
620,280
621,261
620,277
620,272
621,279
621,277
620,280
620,280
621,281
621,280
621,281
621,282
621,282
620,282
620,283
621,283
621,282
621,282
621,283
621,282
621,283
621,282
620,282
621,282
621,282
620,282
620,282
621,283
621,282
621,283
621,283
620,283
621,283
620,283
621,281
621,283
620,282
620,283
620,283
620,283
621,283
621,283
621,283
621,281
620,282
621,283
621,283
621,282
620,282
621,283
620,281
621,283
620,282
621,283
620,283
620,283
620,283
621,283
621,283
620,283
620,275
620,279
620,249
620,276
621,271
621,275
620,276
620,279
620,278
620,278
620,278
620,277
620,278
60,283
621,282
620,282
621,283
621,283
620,283
620,283
621,283
621,283
621,283
621,283
621,283
621,283
620,283
621,284
620,283
620,283
621,284
621,284
620,284
621,283
620,284
620,284
621,284
620,284
620,284
621,284
620,283
620,284
620,284
620,284
620,284
621,284
621,284
620,284
621,285
620,284
620,284
621,284
621,284
621,284
620,284
621,284
621,285
620,284
621,284
621,284
621,284
621,284
620,285
621,284
621,284
621,285
620,284
621,284
621,284
620,284
621,284
621,284
621,284
621,284
620,284
621,284
621,284
621,285
621,284
621,284
620,284
621,284
621,284
620,284
621,284
620,285
621,284
620,285
621,285
621,284
621,284
620,284
621,277
620,279
620,281
620,281
621,279
620,282
620,260
621,278
621,277
621,279
621,280
620,281
620,280
621,281
621,281
621,281
620,282
621,282
621,282
620,282
620,282
621,282
621,282
621,282
620,282
621,282
620,282
621,282
620,281
621,281
621,282
620,282
620,282
621,283
620,282
621,282
620,282
621,283
621,283
620,282
620,283
621,283
620,283
620,283
620,283
621,283
620,282
620,283
620,283
620,283
621,283
620,283
621,283
621,283
621,283
620,283
621,283
621,283
620,283
620,283
621,283
621,283
620,283
621,283
620,283
621,283
620,283
621,283
620,283
621,283
620,283
621,283
621,283
620,282
620,282
621,283
621,283
620,283
620,283
621,283
620,283
620,283
621,283
621,283
621,283
620,283
621,283
620,283
621,283
620,284
621,283
620,283
620,283
620,283
621,284
620,283
621,283
620,283
621,283
621,283
621,283
620,283
621,283
621,283
621,283
620,283
621,283
621,283
620,283
620,283
621,283
621,283
621,283
621,283
621,283
621,283
621,284
621,283
620,283
621,283
620,283
621,283
621,284
620,283
620,284
620,283
621,284
620,284
621,283
621,284
620,284
620,283
621,283
620,283
621,283
620,283
620,283
620,283
620,283
620,283
621,284
621,283
620,283
620,283
621,283
620,283
620,283
620,283
621,284
621,283
620,283
620,283
621,283
620,283
620,283
620,283
621,283
621,283
621,283
620,283
621,283
620,283
620,283
621,283
621,283
620,283
620,283
621,283
621,284
620,283
620,283
620,283
621,283
620,283
620,283
620,283
621,283
621,283
621,284
620,283
620,283
621,283
620,284
621,284
620,283
620,284
621,283
621,283
621,283
620,283
621,284
620,284
621,283
620,283
621,283
620,283
621,283
621,283
621,283
621,283
620,283
621,283
621,283
620,283
621,283
620,283
621,283
621,284
620,284
621,284
620,283
620,283
620,284
621,283
621,283
620,283
620,283
621,283
620,283
620,283
620,283
621,284
621,283
621,283
621,283
620,284
621,283
621,283
621,283
620,284
621,283
621,284
621,283
621,283
621,283
621,284
621,284
620,283
620,283
620,283
620,283
620,284
620,283
620,284
620,283
620,283
621,284
620,283
621,283
621,283
621,283
621,284
621,283
620,284
621,283
620,283
620,283
620,283
621,283
620,283
621,283
621,283
621,284
620,284
620,284
621,283
620,283
620,284
621,283
621,283
621,283
621,284
620,283
621,284
620,284
621,284
620,283
621,283
621,283
621,283
621,284
620,284
621,283
621,283
621,284
620,283
620,283
621,284
621,283
621,284
621,284
621,283
621,284
621,284
620,283
621,284
621,283
621,284
621,284
621,284
621,284
621,284
621,284
620,283
620,283
621,284
621,283
621,283
621,283
621,284
620,283
620,283
621,284
620,283
620,283
620,284
621,284
621,284
620,283
621,284
620,284
621,284
620,284
621,284
620,284
620,284
621,284
621,284
621,283
621,284
620,284
621,284
620,284
620,283
620,284
620,284
621,284
621,283
621,284
620,283
620,284
621,284
620,284
621,283
621,284
621,284
621,284
620,284
620,284
621,284
621,284
621,283
621,284
621,284
621,283
620,284
620,284
620,284
621,283
621,284
621,284
621,284
620,284
621,283
621,284
620,284
621,284
621,284
621,284
620,284
620,284
621,284
620,283
620,283
620,284
620,284
620,283
620,284
621,284
621,284
621,284
620,284
621,283
621,284
620,284
620,283
621,284
621,284
620,284
620,283
621,284
620,283
621,284
621,284
621,284
620,284
621,283
621,283
620,284
620,284
621,284
621,284
620,283
620,284
621,284
620,284
620,284
620,284
620,284
621,284
621,284
620,283
620,284
620,284
621,284
621,284
620,283
621,284
621,284
621,284
620,284
621,283
621,283
621,284
621,284
621,284
620,284
621,284
621,284
620,284
620,284
621,283
621,284
621,284
620,284
620,284
621,284
621,284
620,284
621,284
621,284
621,284
621,284
621,284
621,284
621,284
621,284
620,284
621,284
620,284
620,284
621,284
621,284
621,284
621,284
620,284
620,284
621,284
620,284
620,284
620,284
620,284
621,284
621,284
620,283
621,284
620,284
620,284
620,284
620,283
620,284
620,284
621,284
621,284
621,284
621,284
621,284
621,284
621,284
620,284
620,284
620,284
621,284
620,284
620,284
620,284
621,283
620,284
621,284
620,284
621,284
620,284
621,284
620,284
621,284
620,284
620,283
620,284
620,284
621,284
620,284
620,284
621,284
620,284
620,284
621,284
620,284
620,284
620,284
620,284
621,284
621,284
620,284
620,284
621,284
621,284
621,284
620,284
620,284
621,284
621,284
621,284
620,284
621,284
621,284
621,284
621,284
620,284
621,284
621,284
620,284
620,284
621,284
621,284
621,284
620,284
620,284
621,284
620,284
620,284
621,284
621,284
621,284
621,284
620,284
621,284
621,285
620,284
621,284
621,284
620,284
620,284
620,284
621,284
621,284
621,284
621,284
620,284
621,284
620,284
621,284
620,284
620,284
621,284
621,284
621,284
620,284
621,284
621,284
620,284
621,284
620,284
620,284
620,284
620,284
620,284
620,284
621,284
621,284
620,284
621,284
621,284
621,284
620,284
621,284
620,284
620,284
620,284
620,284
620,284
620,284
620,284
621,284
621,284
620,284
621,284
620,284
620,284
621,284
620,284
620,284
620,284
621,284
620,284
621,284
620,284
620,284
621,284
620,284
621,284
621,284
621,284
621,284
621,284
620,284
620,284
621,284
621,284
620,284
621,284
621,284
621,284
621,284
620,284
620,284
621,284
621,284
621,284
620,284
621,284
621,284
620,284
620,284
621,284
620,284
620,284
621,284
620,284
620,284
621,284
620,284
620,284
620,284
620,284
621,283
620,284
621,284
621,284
620,284
620,284
621,284
621,284
620,284
620,284
621,283
620,284
621,284
620,284
621,284
620,284
621,284
620,284
620,284
620,284
620,284
621,284
620,284
620,284
621,284
621,284
620,284
621,284
620,284
621,284
621,284
621,284
621,284
620,284
620,284
620,284
621,284
620,284
620,284
620,284
621,284
620,284
620,284
620,284
620,284
621,284
621,284
620,284
620,284
620,284
621,284
620,284
621,284
620,284
621,284
620,284
620,284
620,284
620,283
620,284
621,284
621,284
620,284
620,284
621,284
621,284
620,284
620,284
621,284
620,284
621,284
620,284
620,284
621,284
620,284
621,284
621,284
620,284
620,284
620,284
620,284
620,284
620,284
620,284
621,284
621,284
620,284
621,284
620,284
620,284
620,284
620,284
621,284
620,284
620,284
621,284
620,284
620,284
621,284
620,284
621,284
620,284
620,284
620,284
620,284
620,284
621,284
620,284
621,284
621,284
621,284
621,284
621,284
621,284
620,284
620,284
621,284
620,284
620,284
620,284
620,284
620,284
620,284
621,284
621,284
620,284
620,284
620,284
621,284
620,284
621,284
620,284
621,284
621,284
620,284
620,284
621,284
621,284
621,284
621,284
621,284
620,284
620,284
621,284
620,284
620,284
620,284
620,284
621,284
620,284
621,284
621,283
621,284
621,284
620,284
621,284
621,284
621,284
621,284
621,284
621,284
620,284
621,284
621,284
620,284
621,284
621,284
621,284
620,284
621,284
621,284
621,284
621,284
620,284
620,284
621,284
621,284
621,284
620,284
620,284
620,284
621,284
620,284
620,284
620,284
621,284
620,284
620,284
620,284
621,284
620,284
621,284
621,284
620,284
621,284
621,284
621,284
620,284
620,284
621,284
620,284
621,284
620,284
620,284
620,284
621,284
621,284
620,284
621,284
620,284
621,284
620,284
621,284
621,284
620,284
620,284
620,284
620,284
620,284
621,284
621,284
621,284
620,284
620,284
620,284
620,283
620,284
621,284
621,284
621,284
621,284
621,284
620,284
621,284
621,284
620,284
620,284
621,284
621,284
621,283
620,284
621,284
620,284
621,284
621,284
620,284
621,284
620,284
620,284
621,284
621,283
620,284
620,284
621,284
621,284
621,284
620,284
621,284
621,284
621,284
620,284
620,284
621,284
620,285
621,284
620,284
620,284
621,284
620,284
620,284
620,284
621,284
621,284
621,284
620,284
621,284
621,284
621,284
621,284
621,284
621,284
620,284
621,284
621,284
620,284
620,283
621,284
621,284
620,284
621,284
621,284
621,284
621,284
621,284
621,284
620,284
620,284
620,284
621,284
620,284
621,285
621,284
620,284
620,284
621,284
621,284
620,284
620,284
620,284
620,284
620,284
621,284
620,285
620,284
621,284
620,284
621,284
620,284
620,284
621,284
620,284
621,284
620,284
621,284
621,284
621,285
621,284
620,284
620,284
621,284
621,283
621,284
621,284
621,284
620,284
621,284
620,284
621,284
621,284
621,284
620,284
620,284
621,284
621,284
621,284
621,284
621,284
620,284
621,284
621,284
620,284
620,284
621,284
621,284
621,284
621,284
620,284
621,284
620,284
621,284
620,284
621,284
621,284
621,284
621,284
620,284
621,284
621,284
621,284
621,284
621,284
620,284
621,284
621,284
621,284
620,284
620,284
621,284
620,284
621,284
621,284
620,284
620,284
620,284
620,284
621,284
620,284
620,284
620,284
621,284
620,284
620,284
621,284
620,284
620,284
621,284
621,284
620,284
620,284
621,284
621,284
620,284
621,284
620,284
621,284
620,284
621,284
620,284
621,284
620,284
620,284
620,284
620,284
621,284
620,284
621,284
621,284
620,284
621,284
621,284
621,284
621,284
621,284
621,284
620,284
620,284
621,284
620,284
621,284
621,284
621,284
621,284
621,284
620,284
620,284
620,284
621,284
620,284
620,284
620,284
621,284
620,284
621,284
621,284
620,284
621,284
621,284
621,284
621,284
620,284
621,284
621,284
620,284
621,284
621,284
621,284
620,284
621,284
621,284
621,284
621,284
621,284
620,284
620,284
621,284
621,284
621,284
621,284
620,284
621,284
621,284
620,284
620,284
621,284
620,284
620,284
621,284
621,284
620,284
621,284
620,284
621,284
620,284
621,284
621,284
621,284
620,284
621,284
621,284
620,284
621,284
621,284
620,284
620,284
621,284
621,284
621,284
621,284
620,284
621,285
620,284
621,284
621,284
620,284
621,284
621,284
620,284
620,284
621,284
621,284
621,284
620,284
621,284
621,284
620,284
621,284
621,284
620,284
621,284
621,284
620,284
621,284
621,284
620,284
620,284
621,284
620,284
621,284
621,284
621,284
621,284
621,284
621,284
620,284
620,284
621,284
621,284
621,284
621,284
621,284
620,284
620,284
621,284
621,284
620,284
620,284
621,284
620,284
621,284
620,284
620,284
621,284
620,284
621,284
620,284
620,284
621,284
621,284
621,284
620,284
621,284
620,284
621,284
621,284
621,284
621,284
621,284
620,284
621,284
621,284
621,284
620,284
620,284
621,284
620,284
620,284
621,284
621,284
620,284
620,284
620,283
621,242
621,279
620,252
621,276
621,279
621,282
621,212
620,194
621,274
621,278
621,209
621,278
621,281
621,252
620,194
620,275
621,190
621,276
621,273
621,230
621,211
621,271
620,273
620,281
621,270
621,276
620,280
621,186
621,259
620,275
620,167
621,246
621,282
621,244
621,219
620,285
620,256
620,147
621,280
620,260
620,176
620,279
620,265
621,209
621,275
620,280
620,212
620,214
620,284
621,210
620,143
621,286
620,211
621,188
621,279
620,285
620,202
620,164
621,285
621,189
621,241
620,287
620,244
620,220
621,286
621,287
620,180
620,268
620,279
620,172
620,249
620,287
620,198
620,258
621,287
620,194
620,265
621,289
620,219
620,180
620,284
621,213
621,236
621,276
621,281
620,213
620,264
621,287
621,194
620,176
620,288
620,235
620,177
621,292
621,197
620,192
620,281
621,276
621,187
620,279
620,216
620,185
621,276
620,291
620,190
621,256
620,286
620,186
620,254
620,288
621,193
620,210
621,291
620,192
620,175
621,294
620,185
621,208
620,289
621,273
620,243
620,288
620,270
621,185
620,280
621,278
621,190
621,274
620,278
620,168
621,277
621,282
621,192
620,287
621,287
621,247
621,286
621,279
620,183
621,276
620,288
621,184
621,272
621,291
620,133
621,264
620,288
620,171
621,239
621,295
621,199
621,271
621,293
620,167
620,278
621,287
621,190
621,263
621,290
621,195
621,270
620,291
620,194
621,266
620,294
621,192
621,270
620,292
620,157
621,275
620,292
621,177
620,279
621,292
620,194
620,268
620,290
621,193
621,265
620,296
621,195
620,274
621,293
620,177
620,268
621,293
620,184
620,286
620,287
620,173
620,281
621,288
620,197
621,284
621,293
620,182
621,286
621,287
621,158
621,288
621,286
620,178
620,291
621,272
620,190
621,291
620,246
620,190
621,293
620,274
621,206
620,294
620,194
620,193
620,294
620,194
620,265
620,294
620,191
621,260
621,294
621,193
620,286
621,293
621,187
621,279
621,292
621,184
621,279
620,292
620,142
621,285
621,282
621,140
621,296
621,208
620,190
620,298
620,190
621,215
621,298
620,189
620,273
621,294
620,189
620,266
621,294
620,184
620,274
621,293
620,183
621,291
621,294
621,111
620,298
620,255
621,190
621,290
621,211
620,185
620,293
620,206
621,269
621,293
621,235
621,267
620,298
620,184
621,278
621,293
620,184
620,292
620,270
621,186
621,294
621,211
620,237
621,298
620,205
621,192
620,294
620,188
621,278
620,295
620,195
621,282
621,293
620,179
620,294
621,208
621,209
621,298
620,207
621,244
621,296
620,191
621,270
621,296
620,183
621,273
621,294
620,187
620,296
621,284
620,195
620,298
621,202
620,214
621,294
620,191
620,278
621,293
620,197
621,285
620,294
621,184
621,283
620,294
620,180
620,297
621,272
621,225
621,294
621,192
621,278
621,295
620,169
621,292
621,292
621,176
621,292
621,283
621,181
620,297
621,233
620,272
621,298
620,182
620,284
621,290
621,189
620,295
621,288
620,246
620,291
621,285
621,212
620,292
620,218
621,280
621,292
620,257
621,292
620,292
621,194
621,297
620,208
621,272
621,292
620,218
621,282
621,294
621,234
621,282
620,295
621,188
620,291
620,283
620,221
621,296
620,197
620,276
621,295
620,196
620,289
620,292
621,195
621,295
621,284
621,197
620,296
621,199
620,255
621,300
620,191
621,284
620,292
621,174
620,298
620,275
621,221
621,299
621,212
621,266
621,301
620,190
620,275
621,296
621,193
621,293
621,289
621,184
620,301
621,206
621,263
621,298
621,209
621,286
621,297
620,184
620,286
620,292
621,219
621,299
620,223
621,239
620,299
620,208
621,282
621,300
620,191
621,291
620,287
620,198
621,300
620,210
621,230
620,297
620,273
620,286
620,299
620,211
621,299
621,287
621,185
620,301
620,195
620,208
620,302
620,192
620,286
620,297
620,212
620,297
621,292
621,211
620,299
620,213
621,262
620,299
621,189
620,290
620,296
620,179
621,303
621,267
620,195
620,304
621,211
620,264
621,300
620,213
621,288
620,300
621,189
620,295
620,289
620,186
620,301
620,277
621,222
620,305
621,194
620,292
621,297
620,215
620,291
620,290
621,218
621,294
620,289
620,196
620,301
620,217
621,285
621,300
620,215
620,290
621,298
621,203
621,292
620,237
621,279
621,291
620,288
621,293
620,300
620,290
620,300
621,286
620,214
621,294
620,253
621,279
620,301
620,210
621,288
620,296
620,242
620,291
621,289
620,247
620,304
620,305
620,307
621,307
621,305
620,305
621,304
621,304
620,304
620,304
621,305
620,304
621,305
620,304
621,306
620,305
620,308
620,305
620,296
621,307
621,303
621,302
621,305
620,303
621,302
620,304
620,306
620,304
620,306
620,305
621,303
620,304
621,306
621,306
620,304
620,304
620,303
621,304
620,306
620,306
621,305
620,305
621,304
620,304
620,305
621,304
620,304
621,304
620,304
621,304
620,307
621,307
620,305
621,304
620,304
620,304
620,306
621,306
620,305
621,305
620,305
621,305
620,306
621,307
621,305
620,305
620,305
621,305
620,306
621,306
620,304
621,304
621,304
621,305
620,305
621,306
621,305
620,305
621,305
620,305
620,305
620,304
621,304
620,304
620,305
621,304
621,306
621,306
620,305
620,305
620,305
620,305
621,304
621,305
620,304
620,305
621,305
621,306
620,306
620,305
620,305
621,305
620,305
621,305
621,305
621,305
621,305
621,305
621,305
620,305
620,305
621,305
621,305
621,305
620,305
620,306
620,306
620,305
621,305
620,304
620,305
621,305
620,305
621,305
620,305
620,305
621,305
620,305
620,305
621,305
621,304
621,305
620,305
620,305
620,305
620,305
620,305
620,305
620,305
621,305
620,305
620,305
620,305
621,305
621,305
620,305
621,305
621,305
620,305
620,305
621,305
621,305
621,305
621,305
621,305
620,305
620,305
620,305
621,305
620,305
621,305
620,305
621,306
621,306
620,305
620,305
621,305
620,305
620,305
620,305
621,305
620,305
620,305
620,305
620,305
621,305
620,305
621,305
621,305
620,305
620,305
621,305
620,305
621,305
621,305
621,305
621,305
620,305
620,305
621,305
621,305
621,305
620,305
620,305
620,305
620,305
620,305
620,305
620,305
620,305
620,305
620,305
621,305
621,305
620,305
620,305
621,305
620,306
621,305
620,305
621,306
621,306
621,305
620,306
620,305
620,305
621,305
621,305
620,305
621,306
620,305
621,305
621,305
621,305
620,305
620,305
621,305
620,305
620,305
621,306
621,306
620,305
620,305
621,305
620,306
621,306
620,306
620,305
621,306
620,305
620,305
621,305
620,306
620,305
620,305
621,306
621,306
620,305
620,305
621,305
620,306
621,306
620,306
620,305
620,306
620,306
621,306
621,305
621,305
621,306
621,306
620,305
621,305
620,306
620,306
620,306
620,305
621,306
620,305
620,305
621,306
620,306
620,306
620,306
621,305
620,306
621,306
620,306
620,305
621,306
621,306
620,306
621,306
620,306
620,306
621,306
621,305
621,305
621,305
621,305
621,306
620,306
620,305
620,306
621,306
620,306
620,305
621,306
620,305
620,306
621,306
620,306
620,306
620,306
620,306
620,306
621,306
620,306
620,306
621,306
620,306
620,306
620,306
620,306
620,306
620,306
620,306
620,305
620,306
621,306
621,306
621,306
621,306
621,306
620,306
621,306
621,306
621,306
621,306
621,306
620,306
620,306
621,306
620,306
621,306
620,305
620,306
620,306
621,306
620,306
620,306
620,306
620,306
621,306
621,306
621,306
620,306
620,306
620,306
621,306
621,306
620,306
620,306
621,306
620,306
621,306
620,306
620,306
621,306
620,306
620,305
621,306
621,306
621,306
621,306
621,306
621,306
621,306
620,306
620,306
621,306
621,306
620,306
620,306
620,306
620,306
620,306
621,306
620,306
620,306
621,306
620,306
620,306
620,306
620,306
621,307
621,306
621,306
620,306
621,306
620,307
620,306
621,306
620,306
621,306
621,306
620,306
620,306
621,306
620,306
620,306
621,306
621,306
620,306
621,306
621,306
621,306
620,306
620,306
620,306
621,307
621,306
620,306
620,306
620,306
621,306
621,306
621,307
620,306
621,306
621,306
621,306
621,307
620,307
621,306
620,306
620,306
620,306
620,307
621,306
620,306
620,306
620,307
620,306
621,306
621,307
621,306
621,306
620,306
620,306
621,306
621,306
621,306
620,306
621,306
621,306
620,307
620,306
620,306
621,306
620,306
620,306
620,306
621,306
621,306
620,306
620,306
620,306
621,306
621,306
620,307
620,306
620,306
620,306
621,306
621,306
620,306
620,306
620,306
620,306
621,306
620,306
620,306
620,306
620,306
621,306
620,306
620,306
621,306
620,306
620,306
621,306
621,306
621,306
621,306
620,306
620,307
621,306
621,306
621,306
621,306
621,306
620,306
621,306
621,306
620,306
621,306
620,306
620,306
620,306
621,306
621,306
621,306
621,306
620,306
620,306
620,306
620,306
620,307
621,306
620,306
621,307
620,306
620,307
621,306
620,306
620,306
621,306
621,307
620,307
621,306
620,306
620,306
620,306
621,306
620,306
621,306
621,306
620,306
621,306
620,306
621,307
621,307
620,306
620,307
620,306
620,307
621,307
620,307
620,306
620,306
621,306
620,307
620,307
620,306
621,306
621,306
621,306
621,307
621,306
621,307
621,306
620,306
621,306
620,306
620,306
620,306
620,307
620,306
620,306
621,307
620,307
621,307
620,307
621,307
621,307
620,307
621,307
620,307
621,306
620,307
621,307
620,306
620,306
620,306
620,306
621,306
621,306
621,306
620,307
621,307
621,307
621,307
620,307
620,306
621,307
620,306
620,307
620,307
621,307
621,306
621,306
620,306
620,306
620,306
620,307
621,306
620,306
621,306
621,307
621,307
621,306
621,306
621,306
621,306
621,307
620,306
620,306
620,307
621,307
620,306
620,306
620,306
620,306
620,307
621,306
620,306
620,306
620,306
621,307
620,306
620,306
621,306
620,306
620,306
620,306
620,306
620,306
621,307
621,306
620,306
621,307
620,306
620,307
621,307
620,306
620,306
620,307
621,307
620,307
620,306
620,307
621,307
621,306
620,307
621,307
621,307
621,306
621,306
621,307
620,307
620,306
621,306
621,307
620,307
620,306
620,307
621,307
620,306
620,307
620,307
620,306
621,307
620,307
621,307
620,306
620,306
620,307
621,307
621,307
621,306
620,306
621,306
621,307
620,306
621,307
621,306
621,307
620,306
620,306
620,307
620,307
620,307
620,306
620,306
620,307
621,307
620,307
620,307
621,307
621,307
621,307
620,307
621,307
620,307
621,307
620,307
620,306
620,306
620,307
621,307
621,307
620,306
621,306
620,306
620,307
621,307
620,307
621,307
620,306
621,307
620,307
620,307
621,307
620,307
620,307
620,306
620,307
620,307
621,307
620,307
620,307
621,307
620,307
620,307
620,307
621,307
620,307
621,307
620,307
620,307
620,307
620,307
620,307
621,307
620,307
620,307
620,307
621,307
621,307
621,306
620,306
621,307
620,307
621,307
621,307
620,307
621,307
621,307
620,307
621,307
620,307
620,307
620,307
620,307
621,307
621,307
620,307
620,306
620,307
620,307
621,307
620,306
621,306
621,307
620,307
621,307
620,307
620,307
621,307
620,307
620,307
620,307
620,307
621,307
620,307
620,307
621,307
621,307
621,307
620,307
620,307
621,307
621,307
620,307
620,307
621,307
620,307
621,307
621,307
620,307
621,307
621,307
621,307
620,307
620,307
620,307
621,307
620,307
620,307
621,306
621,307
621,307
621,307
620,307
620,307
620,307
620,307
621,307
621,307
620,307
620,307
620,307
620,307
621,307
620,307
620,307
620,307
621,307
621,307
620,307
620,307
620,307
620,307
620,307
621,307
620,307
621,307
621,307
620,307
620,307
621,307
621,307
620,307
620,307
620,307
620,307
621,307
621,307
620,307
621,307
621,307
620,307
621,307
620,307
620,307
620,307
621,307
620,307
620,307
621,307
621,307
620,307
621,307
620,307
620,307
621,307
621,307
620,307
620,307
621,307
621,307
621,307
621,307
621,307
620,307
620,307
620,307
620,307
621,307
620,307
621,307
621,307
621,307
621,307
621,307
621,307
620,307
621,307
620,307
620,307
620,307
621,307
621,307
620,307
620,307
620,307
620,307
620,307
621,307
620,307
621,307
621,307
621,307
621,307
621,307
621,307
620,307
621,307
621,307
620,307
620,307
621,307
620,307
620,307
620,307
620,307
620,307
621,307
621,307
620,307
621,307
620,307
620,307
621,307
620,307
620,307
621,307
621,307
621,307
621,307
620,307
620,307
621,307
620,307
621,307
621,307
620,307
621,307
620,307
621,307
621,307
620,307
620,307
620,307
620,307
620,307
621,307
620,307
620,307
621,307
620,307
621,307
621,307
620,307
620,307
621,307
620,307
620,307
620,306
621,307
620,307
620,307
621,307
620,307
621,307
620,307
620,307
620,307
620,307
621,307
621,307
620,307
621,307
621,307
621,307
621,307
620,307
620,307
621,308
620,307
620,307
621,307
620,307
620,307
621,307
621,307
621,307
621,307
620,307
620,307
620,307
620,307
620,307
620,307
621,307
621,307
620,307
620,307
620,307
620,307
621,307
620,307
621,307
620,307
621,307
620,307
620,307
621,307
621,307
620,307
621,307
621,307
620,307
621,307
620,307
620,307
621,308
620,307
621,307
621,307
621,307
620,307
620,307
621,307
620,307
620,307
621,307
621,307
621,307
620,307
621,307
620,307
621,307
620,307
620,307
621,307
620,307
620,307
621,307
621,307
620,307
621,308
620,307
620,307
620,307
621,307
620,307
621,307
620,307
620,307
620,307
620,307
620,307
620,307
620,307
620,307
620,307
620,307
620,307
620,308
620,307
620,307
620,307
621,307
621,307
621,307
620,308
621,307
620,308
620,307
621,307
620,307
620,307
620,307
621,307
620,307
620,307
621,307
620,307
621,307
620,307
620,307
621,308
621,308
620,307
620,307
621,307
621,307
620,307
621,307
621,307
620,307
621,308
620,307
621,307
621,307
621,307
620,307
620,307
621,307
620,307
620,307
621,307
621,307
620,307
621,307
620,308
621,307
620,307
620,307
621,307
621,307
621,307
620,308
620,307
621,307
620,307
620,307
620,307
621,307
620,307
621,307
620,307
620,307
620,307
620,307
621,307
620,307
621,307
621,307
620,307
620,307
620,307
620,307
620,308
621,307
620,307
620,307
620,307
620,307
620,307
621,307
621,307
620,307
620,307
621,307
620,307
620,307
620,307
620,307
620,307
620,307
621,307
621,307
620,307
620,307
621,307
621,307
621,308
620,307
620,307
620,307
620,307
620,307
620,307
620,307
620,307
621,307
621,307
620,307
620,307
620,307
620,308
621,307
621,307
621,307
620,307
621,307
620,307
620,307
621,307
620,307
620,307
621,307
621,307
620,307
620,307
620,307
620,307
620,308
620,307
621,307
620,307
621,307
620,307
620,308
621,307
621,307
620,307
621,307
620,307
620,308
620,308
620,308
621,307
620,307
620,307
621,307
620,307
620,307
620,307
621,308
620,308
620,307
621,307
621,308
620,307
620,307
621,307
620,307
620,307
620,307
621,307
620,307
621,307
620,307
620,307
620,307
620,308
620,307
621,307
620,307
620,308
621,307
620,307
620,307
620,307
620,307
620,307
621,307
620,308
620,307
621,308
620,307
620,307
620,307
620,307
620,307
620,307
621,307
620,308
620,307
620,307
621,307
621,307
621,307
620,307
620,307
620,307
620,307
621,307
620,307
620,307
620,307
621,308
620,307
620,307
620,307
621,307
620,307
621,307
620,307
620,307
621,308
620,307
621,307
621,307
621,307
621,307
621,308
621,307
621,307
621,307
621,307
620,307
621,307
620,307
620,307
620,307
621,307
621,307
621,307
620,307
620,307
621,307
620,307
620,307
621,307
621,307
620,307
620,307
620,307
621,307
620,307
621,307
620,307
620,307
621,307
620,307
621,307
621,307
621,307
621,307
621,307
621,307
620,307
621,307
621,308
621,307
621,307
620,308
620,307
620,307
620,307
620,307
621,307
621,307
621,307
620,307
620,307
621,307
620,307
620,307
621,307
620,307
620,307
620,307
621,307
620,307
620,307
621,307
620,307
621,307
621,307
621,307
620,307
621,307
620,307
620,307
620,307
620,307
620,307
621,307
621,307
621,307
620,307
620,307
621,307
620,307
620,307
620,307
620,307
620,307
621,307
620,307
620,307
620,307
621,307
621,307
620,307
621,307
621,307
621,307
621,307
621,307
620,307
621,307
621,307
620,307
620,307
621,307
621,307
620,307
621,307
621,307
620,307
620,307
620,307
620,307
620,307
620,308
621,307
621,307
620,308
620,307
620,307
620,307
621,307
621,307
620,307
620,307
621,307
620,308
620,307
620,307
621,308
621,307
620,307
620,307
621,307
621,308
620,307
621,307
621,307
621,307
620,307
621,307
621,307
621,308
620,307
621,307
620,307
621,307
621,307
621,307
621,307
620,307
620,307
620,307
620,307
620,307
620,307
620,308
621,307
620,307
620,307
620,307
620,307
620,307
621,308
620,308
620,308
620,307
620,308
620,307
620,307
621,307
621,307
620,307
621,307
620,307
621,307
620,307
621,307
621,307
620,307
620,307
620,307
621,307
621,307
620,308
621,308
620,307
621,307
620,308
621,307
621,308
620,307
620,307
621,307
621,307
620,307
620,308
621,307
621,307
620,308
620,307
620,307
620,308
620,307
621,307
621,308
621,307
621,308
620,307
621,307
621,308
620,307
621,307
621,307
620,307
620,307
621,307
620,307
620,308
620,308
621,308
621,308
620,307
621,307
621,307
621,307
620,307
621,308
621,307
621,307
621,308
621,308
620,307
620,308
620,308
621,307
620,308
621,308
621,307
621,307
621,308
620,307
620,307
621,307
620,308
620,307
620,307
621,307
620,307
620,308
620,307
620,307
620,307
620,308
620,308
621,307
621,308
620,307
620,307
620,308
620,308
620,307
620,308
620,308
620,307
620,308
620,308
620,308
620,307
620,308
620,307
620,308
621,308
620,307
620,308
621,308
620,307
621,308
620,307
621,307
621,308
621,308
620,308
620,308
621,308
620,308
620,308
620,307
620,308
620,308
620,308
620,308
620,308
620,307
621,307
620,308
621,308
621,307
620,308
620,308
620,308
621,307
620,307
621,307
621,307
620,307
621,307
621,308
621,308
621,308
620,308
621,308
620,307
620,308
620,308
621,308
620,308
621,308
620,308
621,308
620,308
620,308
620,307
620,307
620,307
620,308
621,308
620,308
620,308
621,308
620,307
620,308
621,308
621,307
621,308
620,308
621,308
621,308
620,308
620,307
621,308
620,308
620,308
620,307
621,308
620,308
620,308
620,307
620,308
621,308
621,307
621,308
621,308
620,308
620,308
620,308
621,307
620,308
620,307
621,307
621,308
621,307
620,308
620,307
620,308
621,307
620,308
621,307
621,307
621,308
621,308
621,308
620,308
620,308
620,308
620,308
621,308
621,308
621,307
621,308
620,308
620,308
620,308
621,307
621,308
620,308
620,307
620,308
620,307
621,307
620,308
620,308
621,308
621,308
620,308
621,307
621,308
620,308
620,308
620,307
621,308
620,308
620,308
620,308
620,308
621,308
620,308
620,308
620,308
621,308
620,308
621,308
620,307
620,308
620,308
620,308
621,307
621,308
620,308
620,308
621,308
620,308
620,308
620,308
621,308
621,308
621,308
621,308
620,308
620,307
620,308
621,308
620,308
620,308
621,308
621,308
621,308
620,307
621,308
620,308
620,308
620,308
621,308
621,308
621,308
621,308
620,308
620,308
621,308
621,308
621,308
621,308
620,308
620,308
621,308
620,308
620,308
620,308
620,308
621,308
621,308
621,308
620,307
620,308
620,308
620,308
620,308
621,308
621,308
620,307
620,308
620,308
621,308
621,308
620,308
621,308
620,308
620,308
621,308
620,307
621,308
621,308
621,308
621,308
620,308
621,307
620,308
620,307
620,308
621,308
621,308
620,308
621,307
620,307
620,308
621,308
621,307
620,308
621,308
621,308
621,308
620,308
620,308
620,308
620,308
621,308
621,307
621,308
620,307
620,308
620,308
620,307
621,308
621,308
620,308
620,308
620,308
620,308
620,308
620,307
620,308
620,308
621,307
621,308
620,308
620,308
620,308
620,308
621,307
621,308
621,308
620,307
620,308
620,308
620,307
621,308
620,307
621,308
620,307
621,307
621,308
620,308
620,308
620,307
621,307
621,307
621,307
621,307
621,307
620,308
620,307
620,308
620,308
620,307
620,307
621,308
621,308
620,308
621,308
621,308
620,308
621,308
621,308
620,308
621,308
620,308
620,308
621,308
621,308
621,307
621,307
620,307
620,308
621,308
621,308
621,308
620,308
620,307
620,308
621,308
620,308
620,308
621,308
620,308
620,307
621,307
621,308
620,308
620,308
620,308
620,307
620,308
621,307
620,308
620,308
620,307
621,308
620,308
621,308
621,308
620,307
620,308
620,308
620,307
620,308
620,308
621,308
621,307
620,307
621,307
621,308
620,308
620,308
620,308
621,307
620,308
620,307
621,307
621,308
620,308
621,307
620,308
620,307
620,307
620,307
621,308
620,307
621,308
620,307
620,308
621,308
621,308
621,307
620,307
621,308
621,308
620,307
620,308
621,307
620,308
621,307
621,307
620,308
621,308
621,308
620,308
621,307
621,308
620,308
620,307
620,307
621,307
621,307
620,307
621,308
621,307
620,308
620,308
621,308
620,307
620,308
621,307
620,308
621,307
620,308
620,308
621,307
620,308
621,308
620,307
620,308
621,308
621,308
621,308
620,308
620,308
620,308
620,308
621,307
620,308
620,308
621,307
621,308
621,307
620,307
620,307
621,308
620,308
621,307
621,307
620,308
621,307
620,308
621,307
621,308
621,307
621,308
621,307
620,307
621,308
621,308
620,308
620,308
621,308
621,307
621,308
621,307
620,307
620,308
620,308
620,307
620,308
620,308
620,307
621,308
621,307
620,308
621,308
620,308
620,308
621,308
620,308
621,308
621,307
621,308
621,307
621,308
621,308
620,308
620,308
621,308
620,308
620,308
620,308
621,308
620,307
621,308
620,308
621,308
620,308
620,308
620,308
620,308
620,308
621,308
620,308
620,308
620,307
620,308
620,308
621,308
621,308
620,308
620,308
620,308
620,308
620,308
621,308
621,307
620,308
621,308
621,308
620,307
620,308
620,308
620,307
620,307
621,308
620,308
621,308
620,308
620,308
621,307
621,308
621,307
620,308
620,307
620,308
621,308
621,308
620,308
620,307
620,308
621,308
620,308
621,308
620,308
620,308
620,308
620,308
621,308
620,308
621,308
620,308
620,307
621,308
621,308
620,307
621,308
621,308
620,308
620,308
621,308
620,308
620,308
621,308
621,308
620,308
621,308
621,308
620,308
621,308
620,308
620,308
620,308
620,308
620,308
621,308
620,307
620,307
621,308
620,308
620,308
620,308
621,308
620,308
621,308
621,307
620,308
620,308
620,308
620,308
620,308
621,308
621,308
620,308
620,308
620,308
620,308
620,308
621,308
621,308
620,308
620,307
621,308
621,307
620,308
620,308
620,307
621,308
621,308
621,308
620,307
620,308
620,308
620,308
620,308
621,308
620,308
621,308
621,307
620,308
621,308
620,308
620,308
620,308
621,307
620,308
620,308
620,308
620,308
621,308
621,308
620,308
620,308
621,308
620,308
621,308
621,307
620,308
621,308
621,308
621,308
621,308
620,308
620,308
621,308
620,308
620,308
621,308
620,308
621,307
621,307
621,307
621,307
620,306
621,229
623,196
629,126
633,20
635,0
637,0
640,0
642,0
646,0
649,0
652,0
655,0
657,0
660,0
663,0
665,0
667,0
669,0
671,0
673,0
676,0
679,0
680,0
682,0
685,0
689,0
691,0
693,0
696,0
699,0
701,0
703,0
705,0
709,0
712,0
716,0
718,0
722,0
725,0
728,0
729,0
730,0
732,0
734,0
736,0
739,0
744,0
746,0
749,0
751,0
753,0
755,0
758,0
761,0
764,0
765,0
768,0
771,0
774,0
776,0
779,0
782,0
786,0
788,0
790,0
792,0
795,0
797,0
799,0
801,0
802,0
805,0
808,0
810,0
813,0
817,0
820,0
822,0
824,0
827,0
829,0
830,0
834,0
837,0
840,0
843,0
845,0
846,0
848,0
851,0
854,0
856,0
858,0
861,0
863,0
865,0
867,0
868,0
870,0
873,0
877,0
881,0
883,0
886,0
888,0
892,0
894,0
897,0
898,0
900,0
900,0
904,0
907,0
912,0
915,0
917,0
920,0
923,0
925,0
927,0
928,0
931,0
932,0
932,0
933,0
933,0
933,0
933,0
933,0
933,0
934,0
934,0
934,0
934,0
934,0
933,0
934,0
934,0
934,0
934,0
934,0
934,0
934,0
934,0
934,0
933,0
934,0
934,0
934,0
934,0
934,0
933,0
934,0
934,0
933,0
934,0
934,0
934,0
934,0
934,0
934,0
934,0
934,0
934,0
934,0
934,0
934,0
934,0
934,0
934,0
934,0
934,0
934,0
934,0
934,0
934,0
934,0
934,0
934,0
933,0
934,0
934,0
933,0
934,0
934,0
934,0
934,0
934,0
934,0
934,0
934,0
934,0
934,0
934,0
934,0
934,0
934,0
934,0
934,0
934,0
934,0
934,0
934,0
933,0
934,0
934,0
934,0
934,0
934,0
934,0
934,0
933,0
934,0
934,0
934,0
934,0
934,0
934,0
933,0
934,0
934,0
934,0
934,0
934,0
934,0
934,0
934,0
934,0
933,0
934,0
934,0
934,0
934,0
934,0
934,0
934,0
934,0
934,0
934,0
934,0
934,0
934,0
933,0
933,0
934,0
934,0
934,0
934,0
934,0
934,0
934,0
934,0
934,0
934,0
934,0
934,0
934,0
934,0
934,0
934,0
934,0
933,0
934,0
934,0
933,0
934,0
934,0
933,0
934,0
934,0
933,0
934,0
934,0
933,0
934,0
934,0
934,0
934,0
934,0
934,0
934,0
934,0
934,0
934,0
933,0
934,0
934,0
934,0
934,0
934,0
934,0
934,0
934,0
934,0
934,0
934,0
934,0
934,0
934,0
934,0
934,0
934,0
934,0
934,0
934,0
934,0
934,0
934,0
934,0
933,0
934,0
934,0
934,0
934,0
933,0
933,0
934,0
934,0
934,0
934,0
934,0
934,0
934,0
934,0
933,0
934,0
934,0
934,0
934,0
934,0
934,0
934,0
933,0
934,0
933,0
934,0
934,0
933,0
934,0
934,0
934,0
934,0
934,0
934,0
934,0
934,0
934,0
934,0
934,0
934,0
934,0
934,0
932,0
934,0
934,0
934,0
934,0
934,0
933,0
934,0
934,0
933,0
934,0
934,0
934,0
934,0
934,0
934,0
934,0
934,0
934,0
934,0
933,0
934,0
934,0
934,0
934,0
934,0
934,0
933,0
934,0
934,0
934,0
934,0
934,0
934,0
934,0
934,0
934,0
934,0
934,0
934,0
934,0
935,0
933,0
934,0
934,0
934,0
933,0
934,0
934,0
933,0
934,0
934,0
934,0
934,0
934,0
934,0
934,0
934,0
934,0
934,0
934,0
934,0
934,0
934,0
934,0
934,0
934,0
934,0
934,0
934,0
934,0
933,0
934,0
934,0
934,0
933,0
934,0
934,0
934,0
934,0
934,0
934,0
934,0
934,0
934,0
934,0
934,0
934,0
934,0
934,0
934,0
934,0
933,0
934,0
934,0
934,0
934,0
934,0
934,0
934,0
934,0
934,0
933,0
934,0
934,0
934,0
934,0
934,0
934,0
934,0
934,0
934,0
934,0
934,0
933,0
934,0
934,0
934,0
934,0
934,0
934,0
934,0
934,0
933,0
934,0
934,0
933,0
934,0
934,0
934,0
933,0
934,0
934,0
934,0
934,0
934,0
934,0
934,0
934,0
933,0
934,0
933,0
934,0
934,0
934,0
934,0
933,0
934,0
934,0
934,0
933,0
934,0
934,0
934,0
934,0
934,0
934,0
934,0
934,0
934,0
933,0
934,0
934,0
934,0
934,0
933,0
934,0
934,0
934,0
934,0
934,0
934,0
934,0
934,0
934,0
934,0
934,0
934,0
934,0
934,0
934,0
934,0
935,0
934,0
934,0
934,0
934,0
934,0
934,0
934,0
934,0
934,0
934,0
934,0
934,0
933,0
933,0
934,0
934,0
934,0
934,0
934,0
934,0
934,0
934,0
934,0
934,0
933,0
934,0
934,0
934,0
934,0
934,0
934,0
934,0
934,0
934,0
934,0
934,0
934,0
934,0
934,0
934,0
934,0
934,0
934,0
934,0
934,0
934,0
934,0
934,0
934,0
933,0
934,0
933,0
934,0
934,0
934,0
934,0
934,0
934,0
934,0
934,0
934,0
933,0
934,0
934,0
934,0
933,0
934,0
934,0
934,0
934,0
934,0
934,0
934,0
934,0
934,0
934,0
933,0
934,0
934,0
934,0
934,0
934,0
934,0
934,0
934,0
934,0
934,0
934,0
934,0
933,0
934,0
934,0
934,0
934,0
934,0
934,0
934,0
934,0
934,0
933,0
934,0
934,0
934,0
934,0
934,0
933,0
934,0
934,0
933,0
934,0
934,0
934,0
934,0
934,0
934,0
933,0
934,0
933,0
934,0
934,0
934,0
934,0
934,0
934,0
934,0
934,0
934,0
934,0
933,0
934,0
934,0
934,0
934,0
934,0
934,0
934,0
934,0
934,0
934,0
934,0
935,0
933,0
934,0
934,0
934,0
934,0
934,0
934,0
934,0
934,0
934,0
934,0
934,0
934,0
934,0
934,0
934,0
934,0
934,0
934,0
934,0
934,0
933,0
934,0
934,0
934,0
934,0
934,0
934,0
934,0
934,0
934,0
934,0
934,0
934,0
934,0
934,0
933,0
934,0
934,0
934,0
934,0
934,0
934,0
934,0
934,0
934,0
934,0
934,0
934,0
932,0
934,0
933,0
934,0
934,0
934,0
934,0
934,0
934,0
934,0
934,0
934,0
934,0
934,0
934,0
934,0
934,0
934,0
934,0
934,0
934,0
934,0
934,0
933,0
934,0
934,0
934,0
934,0
934,0
934,0
934,0
934,0
934,0
934,0
934,0
934,0
934,0
934,0
934,0
933,0
933,0
934,0
934,0
934,0
934,0
934,0
934,0
934,0
934,0
934,0
933,0
933,0
934,0
934,0
934,0
934,0
934,0
934,0
934,0
933,0
934,0
934,0
934,0
934,0
934,0
934,0
934,0
934,0
934,0
934,0
934,0
933,0
934,0
933,0
934,0
933,0
934,0
934,0
934,0
934,0
934,0
934,0
934,0
934,0
933,0
934,0
934,0
934,0
933,0
933,0
934,0
935,0
934,0
934,0
934,0
934,0
934,0
934,0
934,0
934,0
934,0
934,0
934,0
934,0
933,0
934,0
934,0
934,0
934,0
934,0
934,0
934,0
934,0
934,0
934,0
934,0
934,0
934,0
933,0
934,0
934,0
934,0
934,0
934,0
934,0
934,0
933,0
934,0
934,0
934,0
934,0
934,0
934,0
934,0
934,0
934,0
934,0
934,0
934,0
934,0
934,0
932,0
934,0
934,0
934,0
934,0
933,0
934,0
934,0
934,0
933,0
934,0
934,0
934,0
934,0
934,0
934,0
934,0
934,0
934,0
933,0
934,0
933,0
934,0
934,0
934,0
933,0
934,0
934,0
934,0
933,0
934,0
934,0
934,0
934,0
934,0
934,0
934,0
934,0
934,0
934,0
933,0
935,0
933,0
933,0
934,0
934,0
934,0
934,0
934,0
934,0
933,0
934,0
934,0
934,0
934,0
934,0
934,0
934,0
934,0
933,0
934,0
934,0
934,0
934,0
934,0
934,0
934,0
934,0
934,0
934,0
934,0
934,0
934,0
934,0
934,0
934,0
934,0
934,0
934,0
934,0
933,0
934,0
934,0
934,0
933,0
934,0
934,0
934,0
934,0
934,0
934,0
934,0
934,0
934,0
934,0
934,0
934,0
934,0
934,0
934,0
934,0
934,0
934,0
934,0
934,0
934,0
933,0
934,0
934,0
934,0
934,0
934,0
934,0
934,0
934,0
933,0
934,0
934,0
934,0
934,0
933,0
934,0
934,0
934,0
934,0
934,0
934,0
934,0
934,0
934,0
934,0
934,0
934,0
934,0
934,0
934,0
933,0
934,0
934,0
933,0
934,0
933,0
934,0
934,0
934,0
934,0
934,0
934,0
934,0
934,0
933,0
934,0
934,0
934,0
934,0
934,0
934,0
933,0
934,0
934,0
934,0
934,0
934,0
934,0
934,0
934,0
933,0
934,0
934,0
934,0
934,0
934,0
934,0
934,0
934,0
934,0
934,0
933,0
934,0
934,0
934,0
934,0
935,0
934,0
934,0
934,0
934,0
934,0
934,0
934,0
934,0
933,0
934,0
934,0
934,0
934,0
933,0
934,0
934,0
934,0
934,0
934,0
934,0
934,0
934,0
934,0
934,0
934,0
934,0
934,0
934,0
933,0
934,0
934,0
934,0
934,0
933,0
934,0
934,0
934,0
934,0
934,0
934,0
934,0
934,0
933,0
934,0
934,0
934,0
934,0
934,0
934,0
934,0
934,0
934,0
934,0
934,0
934,0
934,0
934,0
934,0
934,0
934,0
934,0
934,0
934,0
934,0
934,0
934,0
934,0
934,0
934,0
933,0
934,0
934,0
934,0
934,0
934,0
934,0
934,0
934,0
934,0
933,0
934,0
934,0
934,0
934,0
934,0
934,0
933,0
934,0
934,0
933,0
934,0
933,0
934,0
934,0
933,0
934,0
934,0
933,0
934,0
933,0
934,0
934,0
934,0
934,0
934,0
934,0
934,0
934,0
933,0
934,0
934,0
933,0
934,0
934,0
934,0
934,0
934,0
934,0
934,0
934,0
934,0
934,0
934,0
934,0
934,0
934,0
934,0
934,0
934,0
934,0
934,0
934,0
934,0
933,0
934,0
934,0
934,0
934,0
934,0
933,0
935,0
934,0
934,0
934,0
934,0
934,0
934,0
934,0
934,0
935,0
934,0
934,0
934,0
934,0
933,0
934,0
934,0
934,0
934,0
934,0
934,0
934,0
934,0
934,0
933,0
934,0
934,0
934,0
934,0
934,0
934,0
933,0
934,0
934,0
934,0
934,0
933,0
934,0
934,0
934,0
933,0
934,0
934,0
934,0
934,0
933,0
934,0
934,0
933,0
934,0
933,0
934,0
934,0
934,0
934,0
934,0
934,0
934,0
934,0
933,0
934,0
934,0
934,0
934,0
934,0
934,0
933,0
934,0
934,0
933,0
934,0
934,0
934,0
934,0
934,0
934,0
934,0
934,0
934,0
934,0
934,0
934,0
933,0
934,0
934,0
934,0
933,0
933,0
934,0
934,0
934,0
935,0
933,0
934,0
934,0
934,0
934,0
934,0
934,0
934,0
933,0
934,0
934,0
934,0
934,0
933,0
934,0
934,0
934,0
934,0
934,0
934,0
934,0
934,0
934,0
934,0
934,0
934,0
934,0
934,0
934,0
934,0
934,0
934,0
934,0
934,0
934,0
934,0
934,0
934,0
934,0
934,0
934,0
934,0
934,0
934,0
934,0
934,0
934,0
934,0
934,0
935,0
934,0
934,0
934,0
934,0
934,0
934,0
934,0
934,0
934,0
934,0
934,0
934,0
933,0
934,0
933,0
933,0
934,0
934,0
934,0
934,0
934,0
934,0
934,0
934,0
934,0
934,0
934,0
934,0
934,0
934,0
934,0
934,0
933,0
934,0
934,0
934,0
934,0
934,0
934,0
933,0
934,0
934,0
934,0
934,0
934,0
934,0
934,0
934,0
934,0
933,0
934,0
934,0
934,0
934,0
933,0
934,0
933,0
934,0
934,0
934,0
934,0
934,0
934,0
934,0
934,0
934,0
934,0
934,0
934,0
934,0
934,0
934,0
934,0
934,0
934,0
934,0
934,0
934,0
934,0
934,0
933,0
934,0
934,0
933,0
934,0
934,0
934,0
934,0
934,0
934,0
935,0
934,0
934,0
934,0
934,0
933,0
934,0
934,0
934,0
933,0
934,0
934,0
934,0
934,0
933,0
933,0
934,0
933,0
933,0
934,0
934,0
934,0
934,0
934,0
934,0
934,0
934,0
934,0
934,0
934,0
934,0
933,0
934,0
933,0
934,0
933,0
934,0
934,0
934,0
934,0
934,0
934,0
934,0
934,0
934,0
934,0
934,0
934,0
934,0
934,0
934,0
934,0
934,0
933,0
934,0
933,0
934,0
934,0
934,0
935,0
934,0
934,0
934,0
934,0
934,0
934,0
933,0
934,0
934,0
934,0
934,0
934,0
934,0
934,0
934,0
934,0
934,0
934,0
934,0
934,0
934,0
934,0
934,0
934,0
934,0
933,0
934,0
934,0
934,0
934,0
934,0
934,0
933,0
934,0
934,0
934,0
934,0
934,0
934,0
934,0
933,0
934,0
934,0
934,0
934,0
934,0
933,0
934,0
933,0
934,0
934,0
934,0
934,0
934,0
934,0
934,0
934,0
934,0
934,0
934,0
934,0
934,0
934,0
934,0
934,0
934,0
934,0
934,0
934,0
934,0
934,0
934,0
934,0
934,0
934,0
934,0
934,0
934,0
934,0
933,0
934,0
935,0
934,0
934,0
934,0
934,0
934,0
934,0
934,0
934,0
933,0
934,0
934,0
934,0
934,0
934,0
934,0
934,0
934,0
933,0
934,0
934,0
934,0
934,0
934,0
933,0
934,0
934,0
934,0
934,0
934,0
934,0
934,0
934,0
934,0
934,0
934,0
934,0
934,0
934,0
934,0
933,0
934,0
934,0
934,0
934,0
934,0
934,0
934,0
934,0
934,0
934,0
934,0
934,0
934,0
933,0
934,0
933,0
934,0
934,0
934,0
934,0
934,0
934,0
933,0
934,0
934,0
934,0
934,0
934,0
934,0
934,0
934,0
934,0
934,0
934,0
934,0
934,0
934,0
934,0
934,0
934,0
934,0
934,0
934,0
934,0
934,0
934,0
934,0
934,0
934,0
934,0
934,0
934,0
933,0
934,0
934,0
934,0
933,0
934,0
934,0
933,0
933,0
933,0
934,0
934,0
934,0
934,0
934,0
934,0
934,0
934,0
934,0
934,0
934,0
934,0
934,0
934,0
934,0
934,0
934,0
934,0
934,0
934,0
934,0
934,0
934,0
933,0
934,0
934,0
934,0
934,0
934,0
934,0
933,0
934,0
934,0
934,0
934,0
933,0
934,0
934,0
935,0
934,0
934,0
934,0
934,0
934,0
934,0
934,0
934,0
934,0
934,0
934,0
934,0
934,0
934,0
934,0
933,0
934,0
934,0
934,0
934,0
934,0
934,0
934,0
934,0
934,0
934,0
934,0
934,0
934,0
934,0
934,0
934,0
934,0
934,0
934,0
934,0
933,0
934,0
934,0
934,0
934,0
934,0
934,0
934,0
934,0
933,0
934,0
934,0
934,0
934,0
934,0
934,0
934,0
933,0
934,0
934,0
934,0
933,0
934,0
934,0
934,0
934,0
934,0
934,0
934,0
934,0
934,0
934,0
934,0
934,0
934,0
934,0
934,0
934,0
934,0
934,0
934,0
934,0
934,0
933,0
934,0
934,0
934,0
934,0
934,0
934,0
934,0
933,0
934,0
934,0
934,0
934,0
934,0
933,0
934,0
934,0
934,0
934,0
934,0
932,0
934,0
934,0
933,0
934,0
934,0
934,0
934,0
934,0
933,0
934,0
934,0
934,0
934,0
934,0
934,0
934,0
934,0
934,0
934,0
934,0
934,0
934,0
934,0
933,0
934,0
934,0
934,0
934,0
934,0
934,0
933,0
934,0
934,0
934,0
934,0
934,0
934,0
934,0
934,0
934,0
935,0
934,0
934,0
934,0
934,0
934,0
934,0
933,0
934,0
934,0
934,0
933,0
934,0
934,0
934,0
934,0
934,0
934,0
934,0
934,0
934,0
934,0
934,0
934,0
934,0
934,0
934,0
934,0
933,0
934,0
934,0
934,0
933,0
934,0
934,0
933,0
934,0
934,0
934,0
934,0
934,0
934,0
934,0
934,0
934,0
934,0
934,0
934,0
934,0
934,0
933,0
934,0
934,0
934,0
934,0
934,0
934,0
934,0
934,0
934,0
934,0
934,0
934,0
933,0
934,0
934,0
934,0
934,0
934,0
934,0
934,0
934,0
934,0
934,0
934,0
934,0
933,0
934,0
934,0
934,0
934,0
934,0
934,0
934,0
934,0
934,0
934,0
934,0
933,0
934,0
934,0
934,0
934,0
934,0
934,0
934,0
934,0
934,0
934,0
934,0
933,0
934,0
934,0
934,0
934,0
934,0
934,0
934,0
934,0
934,0
934,0
934,0
934,0
934,0
934,0
934,0
934,0
934,0
934,0
934,0
934,0
934,0
934,0
934,0
934,0
934,0
933,0
934,0
933,0
934,0
934,0
934,0
934,0
934,0
934,0
934,0
934,0
934,0
934,0
934,0
934,0
935,0
934,0
934,0
934,0
934,0
934,0
934,0
934,0
934,0
935,0
934,0
934,0
934,0
934,0
934,0
934,0
934,0
934,0
934,0
934,0
934,0
934,0
934,0
934,0
934,0
934,0
934,0
934,0
934,0
933,0
934,0
934,0
934,0
934,0
934,0
934,0
934,0
934,0
934,0
934,0
934,0
934,0
934,0
934,0
934,0
934,0
934,0
934,0
934,0
934,0
933,0
934,0
934,0
934,0
934,0
934,0
934,0
934,0
934,0
934,0
934,0
934,0
934,0
934,0
934,0
934,0
934,0
934,0
934,0
934,0
934,0
934,0
934,0
934,0
934,0
934,0
933,0
934,0
934,0
934,0
934,0
933,0
934,0
934,0
934,0
934,0
933,0
934,0
934,0
933,0
934,0
934,0
934,0
934,0
934,0
934,0
934,0
934,0
934,0
934,0
934,0
934,0
933,0
934,0
934,0
934,0
934,0
934,0
934,0
934,0
934,0
934,0
934,0
934,0
934,0
934,0
934,0
934,0
934,0
934,0
934,0
934,0
934,0
933,0
934,0
934,0
934,0
934,0
934,0
934,0
934,0
934,0
934,0
934,0
934,0
934,0
934,0
934,0
934,0
934,0
934,0
934,0
934,0
934,0
934,0
933,0
934,0
934,0
934,0
934,0
935,0
934,0
934,0
934,0
933,0
934,0
934,0
934,0
934,0
934,0
934,0
934,0
934,0
934,0
934,0
934,0
934,0
934,0
934,0
934,0
934,0
934,0
934,0
934,0
934,0
934,0
934,0
934,0
934,0
934,0
934,0
934,0
934,0
934,0
934,0
934,0
933,0
934,0
933,0
934,0
934,0
933,0
933,0
934,0
934,0
934,0
934,0
934,0
934,0
933,0
934,0
934,0
934,0
934,0
934,0
934,0
934,0
934,0
934,0
933,0
934,0
934,0
934,0
934,0
934,0
934,0
934,0
934,0
934,0
934,0
934,0
934,0
934,0
934,0
934,0
934,0
934,0
934,0
934,0
934,0
934,0
934,0
934,0
934,0
934,0
934,0
934,0
934,0
934,0
934,0
934,0
934,0
934,0
934,0
934,0
934,0
933,0
934,0
934,0
935,0
934,0
934,0
934,0
934,0
934,0
934,0
933,0
934,0
934,0
934,0
934,0
933,0
934,0
934,0
934,0
934,0
934,0
934,0
934,0
934,0
934,0
934,0
934,0
934,0
934,0
934,0
934,0
934,0
934,0
934,0
933,0
934,0
934,0
934,0
934,0
933,0
934,0
934,0
934,0
934,0
934,0
934,0
934,0
934,0
934,0
934,0
933,0
934,0
934,0
934,0
934,0
934,0
934,0
934,0
934,0
934,0
934,0
934,0
934,0
934,0
934,0
934,0
934,0
933,0
934,0
934,0
934,0
934,0
934,0
934,0
934,0
934,0
934,0
934,0
934,0
934,0
934,0
934,0
934,0
934,0
934,0
934,0
934,0
934,0
934,0
934,0
934,0
934,0
934,0
934,0
934,0
934,0
934,0
934,0
934,0
933,0
934,0
934,0
934,0
933,0
934,0
934,0
934,0
933,0
934,0
933,0
934,0
934,0
934,0
934,0
933,0
934,0
934,0
934,0
934,0
934,0
934,0
934,0
934,0
934,0
934,0
934,0
934,0
934,0
934,0
934,0
934,0
934,0
934,0
934,0
934,0
934,0
933,0
934,0
934,0
934,0
934,0
934,0
934,0
934,0
934,0
934,0
934,0
934,0
933,0
934,0
934,0
934,0
934,0
933,0
934,0
934,0
934,0
934,0
934,0
934,0
934,0
934,0
934,0
934,0
934,0
934,0
934,0
934,0
934,0
934,0
934,0
933,0
934,0
934,0
934,0
934,0
934,0
935,0
934,0
934,0
933,0
934,0
934,0
934,0
934,0
934,0
935,0
934,0
934,0
934,0
934,0
934,0
934,0
934,0
934,0
934,0
934,0
934,0
934,0
934,0
934,0
934,0
934,0
934,0
934,0
934,0
934,0
934,0
934,0
934,0
934,0
934,0
934,0
934,0
934,0
934,0
934,0
934,0
934,0
933,0
934,0
934,0
934,0
934,0
934,0
934,0
933,0
933,0
934,0
934,0
934,0
934,0
934,0
934,0
934,0
934,0
934,0
934,0
934,0
934,0
934,0
934,0
934,0
934,0
934,0
934,0
934,0
933,0
935,0
933,0
933,0
934,0
934,0
934,0
934,0
934,0
934,0
934,0
934,0
934,0
934,0
934,0
934,0
934,0
934,0
934,0
934,0
934,0
934,0
934,0
934,0
934,0
934,0
934,0
934,0
934,0
934,0
933,0
934,0
934,0
934,0
934,0
934,0
934,0
934,0
934,0
934,0
934,0
934,0
934,0
934,0
934,0
934,0
934,0
934,0
934,0
934,0
934,0
933,0
934,0
934,0
934,0
933,0
934,0
934,0
934,0
934,0
934,0
934,0
934,0
933,0
934,0
934,0
934,0
934,0
934,0
934,0
934,0
934,0
934,0
934,0
933,0
933,0
934,0
934,0
934,0
934,0
935,0
934,0
934,0
934,0
933,0
934,0
934,0
934,0
934,0
934,0
934,0
934,0
933,0
934,0
934,0
934,0
934,0
934,0
934,0
934,0
934,0
933,0
934,0
934,0
933,0
934,0
934,0
934,0
934,0
934,0
934,0
934,0
934,0
934,0
934,0
933,0
934,0
934,0
934,0
934,0
934,0
933,0
934,0
934,0
934,0
934,0
934,0
934,0
934,0
934,0
934,0
934,0
934,0
934,0
934,0
934,0
934,0
934,0
934,0
934,0
934,0
934,0
934,0
934,0
934,0
933,0
934,0
934,0
934,0
934,0
934,0
934,0
934,0
934,0
934,0
934,0
934,0
934,0
934,0
933,0
934,0
933,0
934,0
933,0
934,0
934,0
934,0
934,0
934,0
933,0
934,0
933,0
934,0
934,0
934,0
934,0
934,0
934,0
934,0
934,0
934,0
934,0
934,0
934,0
934,0
934,0
934,0
934,0
934,0
934,0
933,0
934,0
934,0
934,0
934,0
934,0
934,0
934,0
934,0
934,0
934,0
934,0
934,0
934,0
934,0
934,0
934,0
934,0
933,0
934,0
934,0
933,0
934,0
934,0
934,0
934,0
934,0
934,0
933,0
934,0
934,0
935,0
934,0
934,0
934,0
934,0
933,0
934,0
934,0
934,0
934,0
934,0
934,0
934,0
934,0
933,0
934,0
934,0
934,0
934,0
934,0
934,0
933,0
934,0
934,0
934,0
934,0
934,0
934,0
934,0
934,0
934,0
935,0
934,0
934,0
934,0
932,0
932,0
931,0
929,0
926,0
925,0
922,0
920,0
917,0
915,0
913,0
910,0
910,0
907,0
905,0
903,0
901,0
898,0
896,0
893,0
890,0
888,0
885,0
882,0
879,0
876,0
873,0
870,0
867,0
865,0
863,0
862,0
859,0
858,0
856,0
855,0
853,0
849,0
847,0
845,0
844,0
841,0
840,0
838,0
836,0
832,0
829,0
825,0
822,0
819,0
815,0
812,0
809,0
807,0
803,0
801,0
799,0
797,0
795,0
793,0
790,0
787,0
783,0
782,0
780,0
779,0
777,0
775,0
772,0
771,0
768,0
765,0
761,0
757,0
753,0
750,0
748,0
745,0
742,0
739,0
737,0
734,0
731,0
730,0
728,0
726,0
722,0
721,0
718,0
716,0
713,0
711,0
709,0
707,0
706,0
705,0
702,0
698,0
693,0
690,0
687,0
684,0
681,0
678,0
675,0
673,0
671,0
667,0
665,0
663,0
660,0
659,0
656,0
655,0
653,0
651,0
648,0
645,0
643,0
641,0
639,0
636,0
631,0
628,0
625,0
622,0
619,0
616,0
612,0
609,0
605,0
603,0
602,0
600,0
598,0
595,0
593,0
592,0
590,0
588,0
585,0
582,0
581,0
579,0
576,0
574,0
572,0
570,0
567,0
563,0
559,0
556,0
552,0
550,0
547,0
544,0
542,0
538,0
535,0
534,0
531,0
528,0
526,0
524,0
522,0
521,0
519,0
517,0
513,0
511,0
510,0
508,0
504,0
501,0
496,0
493,0
489,0
486,0
484,0
481,0
477,0
475,0
473,0
470,0
467,90
464,218
462,307
461,333
459,383
457,389
455,404
453,407
452,413
451,416
451,421
451,422
451,424
451,425
451,425
451,425
451,426
451,427
451,427
451,427
451,427
451,428
451,441
451,444
451,444
451,446
451,450
451,451
451,453
451,455
451,457
451,459
451,460
451,462
451,463
451,464
451,465
451,467
451,468
451,468
451,469
451,470
451,471
451,472
451,473
451,474
451,474
451,476
451,476
451,477
451,478
451,479
451,479
451,480
451,480
451,481
451,482
451,482
451,482
451,483
451,483
451,483
451,484
451,484
451,484
451,485
451,485
451,486
451,486
451,487
451,487
451,487
451,487
451,487
451,488
451,488
451,488
451,488
451,488
451,489
451,489
451,489
451,490
451,490
451,490
451,490
451,491
451,491
451,491
451,491
451,491
451,491
451,492
451,492
451,492
451,492
451,492
451,492
451,493
451,493
451,493
451,493
451,493
451,493
451,494
451,494
451,494
451,494
451,494
451,494
451,494
451,495
451,495
451,495
451,495
451,495
451,495
451,496
451,496
451,496
451,496
451,496
451,496
451,496
451,496
451,497
451,497
451,497
451,497
451,497
451,498
451,498
451,498
451,498
451,497
451,498
451,498
451,498
451,499
451,500
451,500
451,500
451,500
451,500
451,500
451,500
451,500
451,500
451,500
451,500
451,500
451,501
451,501
451,501
451,501
451,501
451,501
451,501
451,501
451,501
451,502
451,502
451,502
451,502
451,502
451,502
451,502
451,502
451,502
451,502
451,502
451,502
451,502
451,502
451,502
451,502
451,502
451,503
451,502
451,502
451,502
451,503
451,503
451,503
451,503
451,503
451,503
451,503
451,503
451,503
451,503
451,503
451,504
451,504
451,504
451,504
451,504
451,504
451,504
451,504
451,504
451,504
451,504
451,504
451,504
451,504
451,505
451,504
451,505
451,505
451,505
451,505
451,505
451,505
451,505
451,505
451,505
451,505
451,505
451,505
451,505
451,505
451,505
451,505
451,505
451,505
451,505
451,505
451,505
451,505
451,505
451,505
451,505
451,505
451,505
451,505
451,505
451,505
451,506
451,506
451,506
451,506
451,506
451,506
451,506
451,506
451,505
451,506
451,506
451,506
451,506
451,506
451,506
451,506
451,507
451,506
451,506
451,506
451,507
451,506
451,506
451,507
451,506
451,507
451,507
451,507
451,506
451,507
451,506
451,506
451,506
451,507
451,507
451,506
451,506
451,507
451,506
451,507
451,507
451,506
451,507
451,507
451,507
451,507
451,507
451,506
451,507
451,507
451,507
451,507
451,507
451,507
451,507
451,507
451,507
451,507
451,507
451,507
451,507
451,507
451,507
451,507
451,507
451,507
451,508
451,507
451,508
451,508
451,508
451,508
451,508
451,508
451,508
451,508
451,508
451,508
451,508
451,508
451,508
451,508
451,508
451,508
451,508
451,508
451,508
451,508
451,508
451,508
451,508
451,508
451,508
451,509
451,508
451,508
451,509
451,509
451,509
451,509
451,509
451,508
451,509
451,509
451,509
451,508
451,509
451,509
451,509
451,509
451,509
451,509
451,509
451,509
451,509
451,509
451,509
451,509
451,509
451,509
451,509
451,509
451,509
451,509
451,509
451,510
451,509
451,509
451,510
451,509
451,509
451,510
451,510
451,510
451,510
451,510
451,510
451,509
451,510
451,510
451,510
451,510
451,510
451,510
451,510
451,510
451,510
451,510
451,510
451,510
451,510
451,510
451,510
451,510
451,510
451,510
451,510
451,510
451,510
451,510
451,510
451,510
451,510
451,510
451,510
451,510
451,510
451,510
451,511
451,510
451,510
451,511
451,511
451,510
451,510
451,510
451,510
451,510
451,511
451,511
451,511
451,511
451,511
451,511
451,511
451,511
451,511
451,511
451,511
451,511
451,511
451,511
451,511
451,511
451,511
451,511
451,511
451,511
451,511
451,511
451,511
451,511
451,511
451,511
451,511
451,511
451,511
451,511
451,511
451,511
451,511
451,511
451,511
451,511
451,511
451,511
451,511
451,511
451,511
451,511
451,511
451,511
451,511
451,512
451,511
451,511
451,511
451,511
451,511
451,511
451,512
451,512
451,512
451,512
451,512
451,512
451,512
451,512
451,512
451,512
451,512
451,512
451,512
451,512
451,512
451,512
451,512
451,512
451,512
451,512
451,511
451,512
451,512
451,512
451,512
451,512
451,512
451,512
451,512
451,512
451,512
451,512
451,512
451,512
451,512
451,512
451,512
451,512
451,512
451,513
451,512
451,512
451,512
451,512
451,512
451,512
451,512
451,513
451,513
451,513
451,513
451,513
451,513
451,512
451,512
451,512
451,513
451,513
451,513
451,513
451,513
451,513
451,513
451,513
451,513
451,513
451,513
451,513
451,513
451,513
451,513
451,513
451,513
451,513
451,513
451,513
451,513
451,513
451,513
451,513
451,513
451,513
451,513
451,513
451,513
451,513
451,513
451,513
451,513
451,513
451,513
451,513
451,513
451,513
451,514
451,513
451,513
451,514
451,513
451,513
451,513
451,513
451,514
451,514
451,514
451,513
451,514
451,514
451,514
451,513
451,514
451,514
451,513
451,513
451,514
451,514
451,514
451,513
451,514
451,514
451,514
451,513
451,513
451,514
451,514
451,514
451,514
451,514
451,514
451,514
451,514
451,514
451,514
451,514
451,514
451,514
451,514
451,514
451,514
451,514
451,514
451,514
451,514
451,514
451,514
451,514
451,514
451,514
451,514
451,514
451,514
451,514
451,514
451,514
451,514
451,514
451,514
451,514
451,514
451,514
451,514
451,514
451,514
451,514
451,514
451,514
451,514
451,514
451,514
451,514
451,514
451,514
451,514
451,514
451,514
451,514
451,514
451,514
451,514
451,514
451,514
451,514
451,514
451,514
451,514
451,514
451,514
451,514
451,514
451,514
451,514
451,514
451,514
451,514
451,514
451,514
451,514
451,514
451,514
451,515
451,515
451,514
451,514
451,515
451,515
451,515
451,515
451,515
451,515
451,514
451,514
451,514
451,515
451,514
451,514
451,515
451,514
451,515
451,515
451,514
451,515
451,515
451,515
451,515
451,515
451,515
451,515
451,515
451,515
451,515
451,515
451,515
451,515
451,515
451,515
451,515
451,515
451,515
451,515
451,515
451,515
451,515
451,515
451,515
451,515
451,515
451,515
451,515
451,515
451,515
451,515
451,515
451,515
451,515
451,515
451,515
451,515
451,515
451,515
451,515
451,515
451,515
451,515
451,515
451,515
451,515
451,515
451,515
451,515
451,515
451,515
451,515
451,515
451,515
451,515
451,515
451,515
451,515
451,515
451,515
451,515
451,515
451,515
451,515
451,515
451,515
451,515
451,515
451,515
451,515
451,515
451,515
451,515
451,515
451,515
451,515
451,515
451,515
451,515
451,515
451,515
451,515
451,515
451,515
451,515
451,515
451,515
451,515
451,515
451,515
451,515
451,515
451,515
451,515
451,515
451,515
451,515
451,515
451,515
451,515
451,515
451,515
451,515
451,515
451,515
451,515
451,515
451,515
451,515
451,515
451,515
451,515
451,515
451,515
451,515
451,515
451,515
451,515
451,516
451,515
451,515
451,515
451,515
451,515
451,515
451,515
451,515
451,515
451,515
451,515
451,515
451,515
451,516
451,516
451,515
451,516
451,515
451,516
451,515
451,515
451,515
451,516
451,516
451,516
451,516
451,516
451,516
451,516
451,516
451,516
451,516
451,516
451,516
451,516
451,516
451,516
451,516
451,516
451,516
451,516
451,516
451,516
451,516
451,516
451,516
451,516
451,516
451,516
451,516
451,516
451,516
451,516
451,516
451,516
451,516
451,516
451,516
451,516
451,516
451,516
451,516
451,516
451,516
451,516
451,516
451,516
451,516
451,516
451,516
451,516
451,516
451,516
451,516
451,516
451,516
451,516
451,516
451,516
451,516
451,516
451,516
451,516
451,516
451,516
451,516
451,516
451,516
451,516
451,516
451,516
451,516
451,516
451,517
451,516
451,516
451,517
451,516
451,517
451,516
451,516
451,517
451,517
451,516
451,517
451,516
451,516
451,517
451,517
451,517
451,517
451,516
451,517
451,517
451,517
451,517
451,517
451,517
451,517
451,517
451,517
451,516
451,517
451,517
451,517
451,517
451,517
451,517
451,517
451,517
451,517
451,517
451,517
451,517
451,517
451,517
451,517
451,517
451,517
451,517
451,517
451,517
451,517
451,517
451,517
451,517
451,517
451,517
451,517
451,517
451,517
451,517
451,517
451,517
451,517
451,517
451,517
451,517
451,517
451,517
451,517
451,517
451,517
451,517
451,517
451,517
451,517
451,517
451,517
451,517
451,517
451,517
451,517
451,517
451,517
451,517
451,517
451,517
451,517
451,517
451,517
451,517
451,517
451,517
451,517
451,517
451,517
451,517
451,517
451,517
451,517
451,517
451,517
451,517
451,517
451,517
451,517
451,517
451,517
451,517
451,517
451,517
451,517
451,517
451,517
451,517
451,517
451,517
451,517
451,517
451,517
451,518
451,517
451,517
451,517
451,518
451,517
451,517
451,517
451,517
451,517
451,518
451,517
451,517
451,518
451,518
451,517
451,518
451,518
451,517
451,517
451,517
451,518
451,518
451,518
451,517
451,517
451,518
451,518
451,518
451,518
451,518
451,518
451,518
451,518
451,517
451,518
451,517
451,518
451,518
451,518
451,518
451,518
451,518
451,518
451,518
451,518
451,518
451,518
451,518
451,518
451,518
451,518
451,518
451,518
451,518
451,518
451,518
451,517
451,518
451,518
451,518
451,518
451,518
451,518
451,518
451,518
451,518
451,518
451,517
451,518
451,518
451,518
451,518
451,518
451,518
451,518
451,518
451,518
451,518
451,518
451,517
451,518
451,518
451,518
451,518
451,518
451,518
451,518
451,518
451,518
451,518
451,518
451,518
451,518
451,518
451,518
451,518
451,518
451,518
451,518
451,518
451,518
451,518
451,518
451,518
451,518
451,518
451,518
451,518
451,518
451,518
451,518
451,518
451,518
451,518
451,518
451,518
451,518
451,518
451,518
451,518
451,518
451,518
451,518
451,518
451,518
451,518
451,518
451,518
451,518
451,518
451,518
451,518
451,518
451,518
451,518
451,518
451,518
451,518
451,518
451,518
451,518
451,518
451,518
451,518
451,518
451,518
451,518
451,518
451,518
451,518
451,518
451,518
451,518
451,518
451,518
451,518
451,518
451,518
451,518
451,518
451,518
451,518
451,518
451,518
451,518
451,518
451,518
451,518
451,518
451,518
451,518
451,518
451,518
451,518
451,518
451,518
451,518
451,518
451,518
451,519
451,518
451,519
451,518
451,518
451,518
451,518
451,518
451,519
451,519
451,519
451,519
451,519
451,518
451,518
451,518
451,519
451,518
451,519
451,519
451,519
451,518
451,518
451,519
451,519
451,519
451,519
451,519
451,519
451,518
451,519
451,519
451,519
451,519
451,519
451,519
451,519
451,519
451,519
451,519
451,519
451,519
451,519
451,519
451,519
451,519
451,519
451,519
451,519
451,519
451,519
451,519
451,519
451,519
451,519
451,519
451,519
451,519
451,519
451,519
451,519
451,519
451,519
451,519
451,519
451,519
451,519
451,519
451,519
451,519
451,519
451,519
451,519
451,519
451,519
451,519
451,519
451,519
451,519
451,519
451,519
451,519
451,519
451,519
451,519
451,519
451,519
451,519
451,519
451,519
451,519
451,519
451,519
451,519
451,519
451,519
451,519
451,519
451,519
451,519
451,519
451,519
451,519
451,519
451,519
451,519
451,519
451,519
451,519
451,519
451,519
451,519
451,519
451,519
451,519
451,519
451,519
451,519
451,519
451,519
451,519
451,519
451,519
451,519
451,519
451,519
451,519
451,519
451,519
451,519
451,519
451,519
451,519
451,519
451,519
451,519
451,519
451,519
451,519
451,519
451,519
451,519
451,519
451,519
451,519
451,519
451,519
451,519
451,519
451,519
451,519
451,519
451,519
451,519
451,519
451,519
451,519
451,519
451,519
451,519
451,519
451,520
451,519
451,519
451,519
451,519
451,520
451,519
451,519
451,519
451,519
451,519
451,519
451,519
451,519
451,519
451,519
451,519
451,519
451,519
451,519
451,519
451,519
451,519
451,520
451,519
451,519
451,519
451,520
451,519
451,519
451,519
451,519
451,519
451,519
451,519
451,519
451,519
451,519
451,519
451,519
451,519
451,519
451,519
451,519
451,519
451,519
451,519
451,520
451,519
451,519
451,520
451,520
451,519
451,519
451,519
451,519
451,519
451,520
451,520
451,519
451,520
451,520
451,520
451,520
451,520
451,520
451,520
451,520
451,520
451,520
451,520
451,520
451,519
451,520
451,520
451,520
451,520
451,520
451,519
451,520
451,520
451,520
451,520
451,520
451,520
451,519
451,520
451,520
451,520
451,520
451,520
451,520
451,519
451,520
451,520
451,520
451,520
451,520
451,520
451,520
451,520
451,520
451,520
451,520
451,520
451,520
451,520
451,520
451,520
451,520
451,520
451,520
451,520
451,520
451,520
451,520
451,520
451,520
451,520
451,520
451,520
451,520
451,520
451,520
451,520
451,520
451,520
451,520
451,520
451,520
451,520
451,520
451,520
451,520
451,520
451,520
451,520
451,520
451,520
451,520
451,520
451,520
451,520
451,520
451,520
451,520
451,520
451,520
451,520
451,520
451,520
451,520
451,520
451,520
451,520
451,520
451,520
451,520
451,520
451,520
451,520
451,520
451,520
451,520
451,520
451,520
451,520
451,520
451,520
451,520
451,520
451,520
451,520
451,520
451,520
451,520
451,520
451,520
451,520
451,520
451,520
451,520
451,520
451,520
451,520
451,520
451,520
451,520
451,520
451,520
451,520
451,520
451,520
451,520
451,520
451,520
451,520
451,520
451,520
451,520
451,520
451,520
451,520
451,520
451,520
451,520
451,520
451,520
451,520
451,520
451,520
451,520
451,520
451,520
451,520
451,520
451,520
451,520
451,520
451,520
451,520
451,520
451,520
451,520
451,520
451,520
451,520
451,520
451,520
451,520
451,520
451,520
451,520
451,520
451,520
451,520
451,520
451,520
451,520
451,520
451,520
451,520
451,520
451,520
451,520
451,520
451,520
451,520
451,520
451,520
451,520
451,520
451,520
451,520
451,520
451,520
451,520
451,520
451,520
451,520
451,520
451,520
451,520
451,520
451,520
451,520
451,520
451,520
451,520
451,520
451,520
451,520
451,520
451,520
451,520
451,520
451,520
451,520
451,520
451,520
451,520
451,520
451,520
451,520
451,520
451,520
451,520
451,520
451,520
451,520
451,520
451,520
451,520
451,520
451,520
451,520
451,520
451,520
451,520
451,520
451,520
451,520
451,520
451,520
451,520
451,520
451,521
451,521
451,521
451,520
451,521
451,521
451,521
451,521
451,521
451,520
451,521
451,521
451,521
451,520
451,521
451,520
451,521
451,520
451,521
451,521
451,520
451,520
451,520
451,521
451,521
451,521
451,521
451,521
451,521
451,521
451,521
451,521
451,521
451,521
451,521
451,521
451,520
451,520
451,521
451,521
451,521
451,521
451,521
451,521
451,520
451,521
451,520
451,521
451,521
451,520
451,521
451,521
451,521
451,521
451,521
451,520
451,521
451,521
451,521
451,520
451,521
451,521
451,521
451,521
451,521
451,521
451,521
451,521
451,521
451,521
451,521
451,521
451,521
451,521
451,521
451,521
451,521
451,521
451,521
451,521
451,521
451,521
451,520
451,521
451,521
451,521
451,521
451,521
451,521
451,521
451,521
451,521
451,521
451,521
451,521
451,521
451,521
451,521
451,521
451,521
451,521
451,521
451,521
451,521
451,521
451,521
451,521
451,521
451,521
451,521
451,521
451,521
451,521
451,521
451,521
451,521
451,521
451,521
451,521
451,521
451,521
451,521
451,521
451,521
451,521
451,521
451,521
451,521
451,521
451,521
451,521
451,521
451,521
451,521
451,521
451,521
451,521
451,521
451,521
451,521
451,521
451,521
451,521
451,521
451,521
451,521
451,521
451,521
451,521
451,521
451,521
451,521
451,521
451,521
451,521
451,521
451,521
451,521
451,521
451,521
451,521
451,521
451,521
451,521
451,521
451,521
451,521
451,521
451,521
451,521
451,521
451,521
451,521
451,521
451,521
451,521
451,521
451,521
451,521
451,521
451,521
451,521
451,521
451,521
451,521
451,521
451,521
451,521
451,521
451,521
451,521
451,521
451,521
451,521
451,521
451,521
451,521
451,521
451,521
451,521
451,521
451,521
451,522
451,521
451,521
451,521
451,521
451,521
451,521
451,521
451,521
451,521
451,522
451,522
451,521
451,521
